MaxDepDepth,free_style/free_style-gold-filtered_wiki.valid_v1.1.src-100_llama_3_70b_instruct_sglang_examples_0_temp_0_chain_False,gold_ref_abs_tgt_EXACT_success_rate_for_MaxDepDepth_exact_match,30.0,gold_ref_abs_tgt_FUZZY_success_rate_for_MaxDepDepth_exact_match,81.4,gold_ref_EXACT_mse_for_MaxDepDepth,1.578,gold_ref_FUZZY_mse_for_MaxDepDepth,0.394,gold_ref_EXACT_rmse_for_MaxDepDepth,1.2559305634201694,gold_ref_FUZZY_rmse_for_MaxDepDepth,0.6271923152165375,gold_ref_EXACT_correlation_for_MaxDepDepth,0.8976973923332519,gold_ref_EXACT_correlation_p_value_for_MaxDepDepth,6.137798830650201e-35, gold_ref_abs_tgt_EXACT_success_rate_for_MaxDepDepth_equal_or_lessthan,96.0,gold_ref_abs_tgt_FUZZY_success_rate_for_MaxDepDepth_equal_or_lessthan,100.0, gold_ref_RatioSuccess_rate_for_MaxDepDepth_exact_match,31.0,gold_ref_RatioMSE_for_MaxDepDepth,0.04735419999999999,gold_ref_RatioRMSE_for_MaxDepDepth,0.21758612534604077,gold_ref_RatioCorrelation_for_MaxDepDepth,0.8910636849535933,gold_ref_RatioCorrelation_p_value_for_MaxDepDepth,3.35967261822934e-34, gold_ref_RatioSuccess_rate_for_MaxDepDepth_equal_or_lessthan,96.0, experiment_path, experiments/x_ablation_study/llama_3_70b_instruct_sglang/MaxDepDepth/free_style/free_style-gold-filtered_wiki.valid_v1.1.src-100_llama_3_70b_instruct_sglang_examples_0_temp_0_chain_False_seed_473829/maxdepdepth_-1_maxdeplength_-1_diffwordscount_-1_avgwordcount_-1_length_-1_leven_-1_grade_-1,experiments/x_ablation_study/llama_3_70b_instruct_sglang/MaxDepDepth/free_style/free_style-gold-filtered_wiki.valid_v1.1.src-100_llama_3_70b_instruct_sglang_examples_0_temp_0_chain_False_seed_473829/success_rate.csv; experiments/x_ablation_study/llama_3_70b_instruct_sglang/MaxDepDepth/free_style/free_style-gold-filtered_wiki.valid_v1.1.src-100_llama_3_70b_instruct_sglang_examples_0_temp_0_chain_False_seed_921405/success_rate.csv; experiments/x_ablation_study/llama_3_70b_instruct_sglang/MaxDepDepth/free_style/free_style-gold-filtered_wiki.valid_v1.1.src-100_llama_3_70b_instruct_sglang_examples_0_temp_0_chain_False_seed_184623/success_rate.csv; experiments/x_ablation_study/llama_3_70b_instruct_sglang/MaxDepDepth/free_style/free_style-gold-filtered_wiki.valid_v1.1.src-100_llama_3_70b_instruct_sglang_examples_0_temp_0_chain_False_seed_756301/success_rate.csv; experiments/x_ablation_study/llama_3_70b_instruct_sglang/MaxDepDepth/free_style/free_style-gold-filtered_wiki.valid_v1.1.src-100_llama_3_70b_instruct_sglang_examples_0_temp_0_chain_False_seed_368914/success_rate.csv
MaxDepDepth,no_sys_prompt/no_sys_prompt-gold-filtered_wiki.valid_v1.1.src-100_llama_3_70b_instruct_sglang_examples_0_temp_0_chain_False,gold_ref_abs_tgt_EXACT_success_rate_for_MaxDepDepth_exact_match,26.2,gold_ref_abs_tgt_FUZZY_success_rate_for_MaxDepDepth_exact_match,63.2,gold_ref_EXACT_mse_for_MaxDepDepth,3.4899999999999998,gold_ref_FUZZY_mse_for_MaxDepDepth,1.472,gold_ref_EXACT_rmse_for_MaxDepDepth,1.8680447086324445,gold_ref_FUZZY_rmse_for_MaxDepDepth,1.212880335338254,gold_ref_EXACT_correlation_for_MaxDepDepth,0.4770623431634588,gold_ref_EXACT_correlation_p_value_for_MaxDepDepth,6.778664880249706e-07, gold_ref_abs_tgt_EXACT_success_rate_for_MaxDepDepth_equal_or_lessthan,66.6,gold_ref_abs_tgt_FUZZY_success_rate_for_MaxDepDepth_equal_or_lessthan,83.6, gold_ref_RatioSuccess_rate_for_MaxDepDepth_exact_match,26.2,gold_ref_RatioMSE_for_MaxDepDepth,0.094056,gold_ref_RatioRMSE_for_MaxDepDepth,0.30668244475595785,gold_ref_RatioCorrelation_for_MaxDepDepth,0.48727580329833176,gold_ref_RatioCorrelation_p_value_for_MaxDepDepth,2.9568191152159654e-07, gold_ref_RatioSuccess_rate_for_MaxDepDepth_equal_or_lessthan,66.6, experiment_path, experiments/x_ablation_study/llama_3_70b_instruct_sglang/MaxDepDepth/no_sys_prompt/no_sys_prompt-gold-filtered_wiki.valid_v1.1.src-100_llama_3_70b_instruct_sglang_examples_0_temp_0_chain_False_seed_473829/maxdepdepth_-1_maxdeplength_-1_diffwordscount_-1_avgwordcount_-1_length_-1_leven_-1_grade_-1,experiments/x_ablation_study/llama_3_70b_instruct_sglang/MaxDepDepth/no_sys_prompt/no_sys_prompt-gold-filtered_wiki.valid_v1.1.src-100_llama_3_70b_instruct_sglang_examples_0_temp_0_chain_False_seed_473829/success_rate.csv; experiments/x_ablation_study/llama_3_70b_instruct_sglang/MaxDepDepth/no_sys_prompt/no_sys_prompt-gold-filtered_wiki.valid_v1.1.src-100_llama_3_70b_instruct_sglang_examples_0_temp_0_chain_False_seed_921405/success_rate.csv; experiments/x_ablation_study/llama_3_70b_instruct_sglang/MaxDepDepth/no_sys_prompt/no_sys_prompt-gold-filtered_wiki.valid_v1.1.src-100_llama_3_70b_instruct_sglang_examples_0_temp_0_chain_False_seed_184623/success_rate.csv; experiments/x_ablation_study/llama_3_70b_instruct_sglang/MaxDepDepth/no_sys_prompt/no_sys_prompt-gold-filtered_wiki.valid_v1.1.src-100_llama_3_70b_instruct_sglang_examples_0_temp_0_chain_False_seed_756301/success_rate.csv; experiments/x_ablation_study/llama_3_70b_instruct_sglang/MaxDepDepth/no_sys_prompt/no_sys_prompt-gold-filtered_wiki.valid_v1.1.src-100_llama_3_70b_instruct_sglang_examples_0_temp_0_chain_False_seed_368914/success_rate.csv
MaxDepDepth,level-2.1_prompt/level-2.1_prompt-gold-filtered_wiki.valid_v1.1.src-100_llama_3_70b_instruct_sglang_examples_0_temp_0_chain_False,gold_ref_abs_tgt_EXACT_success_rate_for_MaxDepDepth_exact_match,33.8,gold_ref_abs_tgt_FUZZY_success_rate_for_MaxDepDepth_exact_match,64.6,gold_ref_EXACT_mse_for_MaxDepDepth,3.3939999999999997,gold_ref_FUZZY_mse_for_MaxDepDepth,1.46,gold_ref_EXACT_rmse_for_MaxDepDepth,1.842243866265021,gold_ref_FUZZY_rmse_for_MaxDepDepth,1.2082619303305997,gold_ref_EXACT_correlation_for_MaxDepDepth,0.49960785158066984,gold_ref_EXACT_correlation_p_value_for_MaxDepDepth,1.3348295828414865e-07, gold_ref_abs_tgt_EXACT_success_rate_for_MaxDepDepth_equal_or_lessthan,75.2,gold_ref_abs_tgt_FUZZY_success_rate_for_MaxDepDepth_equal_or_lessthan,85.8, gold_ref_RatioSuccess_rate_for_MaxDepDepth_exact_match,33.8,gold_ref_RatioMSE_for_MaxDepDepth,0.089461,gold_ref_RatioRMSE_for_MaxDepDepth,0.2990907299901736,gold_ref_RatioCorrelation_for_MaxDepDepth,0.5225107434065068,gold_ref_RatioCorrelation_p_value_for_MaxDepDepth,2.9761667297493967e-08, gold_ref_RatioSuccess_rate_for_MaxDepDepth_equal_or_lessthan,75.2, experiment_path, experiments/x_ablation_study/llama_3_70b_instruct_sglang/MaxDepDepth/level-2.1_prompt/level-2.1_prompt-gold-filtered_wiki.valid_v1.1.src-100_llama_3_70b_instruct_sglang_examples_0_temp_0_chain_False_seed_473829/maxdepdepth_-1_maxdeplength_-1_diffwordscount_-1_avgwordcount_-1_length_-1_leven_-1_grade_-1,experiments/x_ablation_study/llama_3_70b_instruct_sglang/MaxDepDepth/level-2.1_prompt/level-2.1_prompt-gold-filtered_wiki.valid_v1.1.src-100_llama_3_70b_instruct_sglang_examples_0_temp_0_chain_False_seed_473829/success_rate.csv; experiments/x_ablation_study/llama_3_70b_instruct_sglang/MaxDepDepth/level-2.1_prompt/level-2.1_prompt-gold-filtered_wiki.valid_v1.1.src-100_llama_3_70b_instruct_sglang_examples_0_temp_0_chain_False_seed_921405/success_rate.csv; experiments/x_ablation_study/llama_3_70b_instruct_sglang/MaxDepDepth/level-2.1_prompt/level-2.1_prompt-gold-filtered_wiki.valid_v1.1.src-100_llama_3_70b_instruct_sglang_examples_0_temp_0_chain_False_seed_184623/success_rate.csv; experiments/x_ablation_study/llama_3_70b_instruct_sglang/MaxDepDepth/level-2.1_prompt/level-2.1_prompt-gold-filtered_wiki.valid_v1.1.src-100_llama_3_70b_instruct_sglang_examples_0_temp_0_chain_False_seed_756301/success_rate.csv; experiments/x_ablation_study/llama_3_70b_instruct_sglang/MaxDepDepth/level-2.1_prompt/level-2.1_prompt-gold-filtered_wiki.valid_v1.1.src-100_llama_3_70b_instruct_sglang_examples_0_temp_0_chain_False_seed_368914/success_rate.csv
MaxDepDepth,level-3_prompt/level-3_prompt-gold-filtered_wiki.valid_v1.1.src-100_llama_3_70b_instruct_sglang_examples_0_temp_0_chain_False,gold_ref_abs_tgt_EXACT_success_rate_for_MaxDepDepth_exact_match,27.2,gold_ref_abs_tgt_FUZZY_success_rate_for_MaxDepDepth_exact_match,66.8,gold_ref_EXACT_mse_for_MaxDepDepth,2.534,gold_ref_FUZZY_mse_for_MaxDepDepth,0.866,gold_ref_EXACT_rmse_for_MaxDepDepth,1.59179218295452,gold_ref_FUZZY_rmse_for_MaxDepDepth,0.930537094492313,gold_ref_EXACT_correlation_for_MaxDepDepth,0.7605000051095692,gold_ref_EXACT_correlation_p_value_for_MaxDepDepth,4.434115625531688e-20, gold_ref_abs_tgt_EXACT_success_rate_for_MaxDepDepth_equal_or_lessthan,44.2,gold_ref_abs_tgt_FUZZY_success_rate_for_MaxDepDepth_equal_or_lessthan,68.8, gold_ref_RatioSuccess_rate_for_MaxDepDepth_exact_match,27.2,gold_ref_RatioMSE_for_MaxDepDepth,0.090854,gold_ref_RatioRMSE_for_MaxDepDepth,0.301402069940305,gold_ref_RatioCorrelation_for_MaxDepDepth,0.7306411500126566,gold_ref_RatioCorrelation_p_value_for_MaxDepDepth,8.970883662557402e-18, gold_ref_RatioSuccess_rate_for_MaxDepDepth_equal_or_lessthan,44.2, experiment_path, experiments/x_ablation_study/llama_3_70b_instruct_sglang/MaxDepDepth/level-3_prompt/level-3_prompt-gold-filtered_wiki.valid_v1.1.src-100_llama_3_70b_instruct_sglang_examples_0_temp_0_chain_False_seed_473829/maxdepdepth_-1_maxdeplength_-1_diffwordscount_-1_avgwordcount_-1_length_-1_leven_-1_grade_-1,experiments/x_ablation_study/llama_3_70b_instruct_sglang/MaxDepDepth/level-3_prompt/level-3_prompt-gold-filtered_wiki.valid_v1.1.src-100_llama_3_70b_instruct_sglang_examples_0_temp_0_chain_False_seed_473829/success_rate.csv; experiments/x_ablation_study/llama_3_70b_instruct_sglang/MaxDepDepth/level-3_prompt/level-3_prompt-gold-filtered_wiki.valid_v1.1.src-100_llama_3_70b_instruct_sglang_examples_0_temp_0_chain_False_seed_921405/success_rate.csv; experiments/x_ablation_study/llama_3_70b_instruct_sglang/MaxDepDepth/level-3_prompt/level-3_prompt-gold-filtered_wiki.valid_v1.1.src-100_llama_3_70b_instruct_sglang_examples_0_temp_0_chain_False_seed_184623/success_rate.csv; experiments/x_ablation_study/llama_3_70b_instruct_sglang/MaxDepDepth/level-3_prompt/level-3_prompt-gold-filtered_wiki.valid_v1.1.src-100_llama_3_70b_instruct_sglang_examples_0_temp_0_chain_False_seed_756301/success_rate.csv; experiments/x_ablation_study/llama_3_70b_instruct_sglang/MaxDepDepth/level-3_prompt/level-3_prompt-gold-filtered_wiki.valid_v1.1.src-100_llama_3_70b_instruct_sglang_examples_0_temp_0_chain_False_seed_368914/success_rate.csv
MaxDepDepth,level-3_prompt/level-3_prompt-gold-filtered_wiki.valid_v1.1.src-100_llama_3_70b_instruct_sglang_examples_5_temp_0_chain_False,gold_ref_abs_tgt_EXACT_success_rate_for_MaxDepDepth_exact_match,47.6,gold_ref_abs_tgt_FUZZY_success_rate_for_MaxDepDepth_exact_match,80.2,gold_ref_EXACT_mse_for_MaxDepDepth,1.4280000000000002,gold_ref_FUZZY_mse_for_MaxDepDepth,0.39200000000000007,gold_ref_EXACT_rmse_for_MaxDepDepth,1.1949132019822035,gold_ref_FUZZY_rmse_for_MaxDepDepth,0.6260087616972925,gold_ref_EXACT_correlation_for_MaxDepDepth,0.8762891887652264,gold_ref_EXACT_correlation_p_value_for_MaxDepDepth,1.0902953798097565e-32, gold_ref_abs_tgt_EXACT_success_rate_for_MaxDepDepth_equal_or_lessthan,69.2,gold_ref_abs_tgt_FUZZY_success_rate_for_MaxDepDepth_equal_or_lessthan,84.0, gold_ref_RatioSuccess_rate_for_MaxDepDepth_exact_match,47.6,gold_ref_RatioMSE_for_MaxDepDepth,0.047138599999999996,gold_ref_RatioRMSE_for_MaxDepDepth,0.2170965421949959,gold_ref_RatioCorrelation_for_MaxDepDepth,0.8808406613275404,gold_ref_RatioCorrelation_p_value_for_MaxDepDepth,1.8286371834398798e-33, gold_ref_RatioSuccess_rate_for_MaxDepDepth_equal_or_lessthan,69.2, experiment_path, experiments/x_ablation_study/llama_3_70b_instruct_sglang/MaxDepDepth/level-3_prompt/level-3_prompt-gold-filtered_wiki.valid_v1.1.src-100_llama_3_70b_instruct_sglang_examples_5_temp_0_chain_False_seed_473829/maxdepdepth_-1_maxdeplength_-1_diffwordscount_-1_avgwordcount_-1_length_-1_leven_-1_grade_-1,experiments/x_ablation_study/llama_3_70b_instruct_sglang/MaxDepDepth/level-3_prompt/level-3_prompt-gold-filtered_wiki.valid_v1.1.src-100_llama_3_70b_instruct_sglang_examples_5_temp_0_chain_False_seed_473829/success_rate.csv; experiments/x_ablation_study/llama_3_70b_instruct_sglang/MaxDepDepth/level-3_prompt/level-3_prompt-gold-filtered_wiki.valid_v1.1.src-100_llama_3_70b_instruct_sglang_examples_5_temp_0_chain_False_seed_921405/success_rate.csv; experiments/x_ablation_study/llama_3_70b_instruct_sglang/MaxDepDepth/level-3_prompt/level-3_prompt-gold-filtered_wiki.valid_v1.1.src-100_llama_3_70b_instruct_sglang_examples_5_temp_0_chain_False_seed_184623/success_rate.csv; experiments/x_ablation_study/llama_3_70b_instruct_sglang/MaxDepDepth/level-3_prompt/level-3_prompt-gold-filtered_wiki.valid_v1.1.src-100_llama_3_70b_instruct_sglang_examples_5_temp_0_chain_False_seed_756301/success_rate.csv; experiments/x_ablation_study/llama_3_70b_instruct_sglang/MaxDepDepth/level-3_prompt/level-3_prompt-gold-filtered_wiki.valid_v1.1.src-100_llama_3_70b_instruct_sglang_examples_5_temp_0_chain_False_seed_368914/success_rate.csv
MaxDepDepth,level-4_prompt/level-4_prompt-gold-filtered_wiki.valid_v1.1.src-100_llama_3_70b_instruct_sglang_examples_0_temp_0_chain_False,gold_ref_abs_tgt_EXACT_success_rate_for_MaxDepDepth_exact_match,28.4,gold_ref_abs_tgt_FUZZY_success_rate_for_MaxDepDepth_exact_match,68.4,gold_ref_EXACT_mse_for_MaxDepDepth,3.28,gold_ref_FUZZY_mse_for_MaxDepDepth,1.468,gold_ref_EXACT_rmse_for_MaxDepDepth,1.8011672555494749,gold_ref_FUZZY_rmse_for_MaxDepDepth,1.1888288286157258,gold_ref_EXACT_correlation_for_MaxDepDepth,0.70525773850728,gold_ref_EXACT_correlation_p_value_for_MaxDepDepth,1.4513476684389429e-13, gold_ref_abs_tgt_EXACT_success_rate_for_MaxDepDepth_equal_or_lessthan,49.0,gold_ref_abs_tgt_FUZZY_success_rate_for_MaxDepDepth_equal_or_lessthan,75.8, gold_ref_RatioSuccess_rate_for_MaxDepDepth_exact_match,28.4,gold_ref_RatioMSE_for_MaxDepDepth,0.09506940000000001,gold_ref_RatioRMSE_for_MaxDepDepth,0.30731961151423226,gold_ref_RatioCorrelation_for_MaxDepDepth,0.717147625660312,gold_ref_RatioCorrelation_p_value_for_MaxDepDepth,4.357249295038041e-15, gold_ref_RatioSuccess_rate_for_MaxDepDepth_equal_or_lessthan,49.0, experiment_path, experiments/x_ablation_study/llama_3_70b_instruct_sglang/MaxDepDepth/level-4_prompt/level-4_prompt-gold-filtered_wiki.valid_v1.1.src-100_llama_3_70b_instruct_sglang_examples_0_temp_0_chain_False_seed_473829/maxdepdepth_-1_maxdeplength_-1_diffwordscount_-1_avgwordcount_-1_length_-1_leven_-1_grade_-1,experiments/x_ablation_study/llama_3_70b_instruct_sglang/MaxDepDepth/level-4_prompt/level-4_prompt-gold-filtered_wiki.valid_v1.1.src-100_llama_3_70b_instruct_sglang_examples_0_temp_0_chain_False_seed_473829/success_rate.csv; experiments/x_ablation_study/llama_3_70b_instruct_sglang/MaxDepDepth/level-4_prompt/level-4_prompt-gold-filtered_wiki.valid_v1.1.src-100_llama_3_70b_instruct_sglang_examples_0_temp_0_chain_False_seed_921405/success_rate.csv; experiments/x_ablation_study/llama_3_70b_instruct_sglang/MaxDepDepth/level-4_prompt/level-4_prompt-gold-filtered_wiki.valid_v1.1.src-100_llama_3_70b_instruct_sglang_examples_0_temp_0_chain_False_seed_184623/success_rate.csv; experiments/x_ablation_study/llama_3_70b_instruct_sglang/MaxDepDepth/level-4_prompt/level-4_prompt-gold-filtered_wiki.valid_v1.1.src-100_llama_3_70b_instruct_sglang_examples_0_temp_0_chain_False_seed_756301/success_rate.csv; experiments/x_ablation_study/llama_3_70b_instruct_sglang/MaxDepDepth/level-4_prompt/level-4_prompt-gold-filtered_wiki.valid_v1.1.src-100_llama_3_70b_instruct_sglang_examples_0_temp_0_chain_False_seed_368914/success_rate.csv
MaxDepDepth,level-4_prompt_fs/level-4_prompt-gold-filtered_wiki.valid_v1.1.src-100_llama_3_70b_instruct_sglang_examples_5_temp_0_chain_False,gold_ref_abs_tgt_EXACT_success_rate_for_MaxDepDepth_exact_match,49.0,gold_ref_abs_tgt_FUZZY_success_rate_for_MaxDepDepth_exact_match,78.6,gold_ref_EXACT_mse_for_MaxDepDepth,1.932,gold_ref_FUZZY_mse_for_MaxDepDepth,0.738,gold_ref_EXACT_rmse_for_MaxDepDepth,1.3892194012687107,gold_ref_FUZZY_rmse_for_MaxDepDepth,0.8573811515708538,gold_ref_EXACT_correlation_for_MaxDepDepth,0.8164890880651324,gold_ref_EXACT_correlation_p_value_for_MaxDepDepth,1.026270983735669e-24, gold_ref_abs_tgt_EXACT_success_rate_for_MaxDepDepth_equal_or_lessthan,75.0,gold_ref_abs_tgt_FUZZY_success_rate_for_MaxDepDepth_equal_or_lessthan,86.2, gold_ref_RatioSuccess_rate_for_MaxDepDepth_exact_match,49.0,gold_ref_RatioMSE_for_MaxDepDepth,0.051393600000000005,gold_ref_RatioRMSE_for_MaxDepDepth,0.2265979004282729,gold_ref_RatioCorrelation_for_MaxDepDepth,0.800918323624958,gold_ref_RatioCorrelation_p_value_for_MaxDepDepth,1.9752699598330656e-23, gold_ref_RatioSuccess_rate_for_MaxDepDepth_equal_or_lessthan,75.0, experiment_path, experiments/x_ablation_study/llama_3_70b_instruct_sglang/MaxDepDepth/level-4_prompt_fs/level-4_prompt-gold-filtered_wiki.valid_v1.1.src-100_llama_3_70b_instruct_sglang_examples_5_temp_0_chain_False_seed_473829/maxdepdepth_-1_maxdeplength_-1_diffwordscount_-1_avgwordcount_-1_length_-1_leven_-1_grade_-1,experiments/x_ablation_study/llama_3_70b_instruct_sglang/MaxDepDepth/level-4_prompt_fs/level-4_prompt-gold-filtered_wiki.valid_v1.1.src-100_llama_3_70b_instruct_sglang_examples_5_temp_0_chain_False_seed_473829/success_rate.csv; experiments/x_ablation_study/llama_3_70b_instruct_sglang/MaxDepDepth/level-4_prompt_fs/level-4_prompt-gold-filtered_wiki.valid_v1.1.src-100_llama_3_70b_instruct_sglang_examples_5_temp_0_chain_False_seed_921405/success_rate.csv; experiments/x_ablation_study/llama_3_70b_instruct_sglang/MaxDepDepth/level-4_prompt_fs/level-4_prompt-gold-filtered_wiki.valid_v1.1.src-100_llama_3_70b_instruct_sglang_examples_5_temp_0_chain_False_seed_184623/success_rate.csv; experiments/x_ablation_study/llama_3_70b_instruct_sglang/MaxDepDepth/level-4_prompt_fs/level-4_prompt-gold-filtered_wiki.valid_v1.1.src-100_llama_3_70b_instruct_sglang_examples_5_temp_0_chain_False_seed_756301/success_rate.csv; experiments/x_ablation_study/llama_3_70b_instruct_sglang/MaxDepDepth/level-4_prompt_fs/level-4_prompt-gold-filtered_wiki.valid_v1.1.src-100_llama_3_70b_instruct_sglang_examples_5_temp_0_chain_False_seed_368914/success_rate.csv
MaxDepDepth,level-4_feedbackloop_prompt-gold-filtered_wiki.valid_v1.1.src-100_llama_3_70b_instruct_sglang_examples_5_temp_0_chain_True,gold_ref_abs_tgt_EXACT_success_rate_for_MaxDepDepth_exact_match,95.2,gold_ref_abs_tgt_FUZZY_success_rate_for_MaxDepDepth_exact_match,99.0,gold_ref_EXACT_mse_for_MaxDepDepth,0.12,gold_ref_FUZZY_mse_for_MaxDepDepth,0.04,gold_ref_EXACT_rmse_for_MaxDepDepth,0.32766019260655666,gold_ref_FUZZY_rmse_for_MaxDepDepth,0.1482842712474619,gold_ref_EXACT_correlation_for_MaxDepDepth,0.987333770441382,gold_ref_EXACT_correlation_p_value_for_MaxDepDepth,7.5962943971064746e-65, gold_ref_abs_tgt_EXACT_success_rate_for_MaxDepDepth_equal_or_lessthan,97.0,gold_ref_abs_tgt_FUZZY_success_rate_for_MaxDepDepth_equal_or_lessthan,99.4, gold_ref_RatioSuccess_rate_for_MaxDepDepth_exact_match,95.2,gold_ref_RatioMSE_for_MaxDepDepth,0.0033272,gold_ref_RatioRMSE_for_MaxDepDepth,0.05554661062596972,gold_ref_RatioCorrelation_for_MaxDepDepth,0.9860362656461362,gold_ref_RatioCorrelation_p_value_for_MaxDepDepth,2.1987596053982766e-68, gold_ref_RatioSuccess_rate_for_MaxDepDepth_equal_or_lessthan,97.0, experiment_path, experiments/x_ablation_study/llama_3_70b_instruct_sglang/MaxDepDepth/level-4_feedbackloop_prompt-gold-filtered_wiki.valid_v1.1.src-100_llama_3_70b_instruct_sglang_examples_5_temp_0_chain_True_seed_473829/maxdepdepth_-1_maxdeplength_-1_diffwordscount_-1_avgwordcount_-1_length_-1_leven_-1_grade_-1,experiments/x_ablation_study/llama_3_70b_instruct_sglang/MaxDepDepth/level-4_feedbackloop_prompt-gold-filtered_wiki.valid_v1.1.src-100_llama_3_70b_instruct_sglang_examples_5_temp_0_chain_True_seed_473829/success_rate.csv; experiments/x_ablation_study/llama_3_70b_instruct_sglang/MaxDepDepth/level-4_feedbackloop_prompt-gold-filtered_wiki.valid_v1.1.src-100_llama_3_70b_instruct_sglang_examples_5_temp_0_chain_True_seed_921405/success_rate.csv; experiments/x_ablation_study/llama_3_70b_instruct_sglang/MaxDepDepth/level-4_feedbackloop_prompt-gold-filtered_wiki.valid_v1.1.src-100_llama_3_70b_instruct_sglang_examples_5_temp_0_chain_True_seed_184623/success_rate.csv; experiments/x_ablation_study/llama_3_70b_instruct_sglang/MaxDepDepth/level-4_feedbackloop_prompt-gold-filtered_wiki.valid_v1.1.src-100_llama_3_70b_instruct_sglang_examples_5_temp_0_chain_True_seed_756301/success_rate.csv; experiments/x_ablation_study/llama_3_70b_instruct_sglang/MaxDepDepth/level-4_feedbackloop_prompt-gold-filtered_wiki.valid_v1.1.src-100_llama_3_70b_instruct_sglang_examples_5_temp_0_chain_True_seed_368914/success_rate.csv
MaxDepLength,free_style/free_style-gold-filtered_wiki.valid_v1.1.src-100_llama_3_70b_instruct_sglang_examples_0_temp_0_chain_False,gold_ref_abs_tgt_EXACT_success_rate_for_MaxDepLength_exact_match,11.0,gold_ref_abs_tgt_FUZZY_success_rate_for_MaxDepLength_exact_match,36.4,gold_ref_EXACT_mse_for_MaxDepLength,6.866,gold_ref_FUZZY_mse_for_MaxDepLength,3.776,gold_ref_EXACT_rmse_for_MaxDepLength,2.618765248053358,gold_ref_FUZZY_rmse_for_MaxDepLength,1.9404671945281353,gold_ref_EXACT_correlation_for_MaxDepLength,0.9136376281056091,gold_ref_EXACT_correlation_p_value_for_MaxDepLength,3.5178627301618396e-38, gold_ref_abs_tgt_EXACT_success_rate_for_MaxDepLength_equal_or_lessthan,96.0,gold_ref_abs_tgt_FUZZY_success_rate_for_MaxDepLength_equal_or_lessthan,100.0, gold_ref_RatioSuccess_rate_for_MaxDepLength_exact_match,13.0,gold_ref_RatioMSE_for_MaxDepLength,0.0902596,gold_ref_RatioRMSE_for_MaxDepLength,0.3003982124024347,gold_ref_RatioCorrelation_for_MaxDepLength,0.8813931451309275,gold_ref_RatioCorrelation_p_value_for_MaxDepLength,7.67183704044251e-33, gold_ref_RatioSuccess_rate_for_MaxDepLength_equal_or_lessthan,96.0, experiment_path, experiments/x_ablation_study/llama_3_70b_instruct_sglang/MaxDepLength/free_style/free_style-gold-filtered_wiki.valid_v1.1.src-100_llama_3_70b_instruct_sglang_examples_0_temp_0_chain_False_seed_473829/maxdepdepth_-1_maxdeplength_-1_diffwordscount_-1_avgwordcount_-1_length_-1_leven_-1_grade_-1,experiments/x_ablation_study/llama_3_70b_instruct_sglang/MaxDepLength/free_style/free_style-gold-filtered_wiki.valid_v1.1.src-100_llama_3_70b_instruct_sglang_examples_0_temp_0_chain_False_seed_473829/success_rate.csv; experiments/x_ablation_study/llama_3_70b_instruct_sglang/MaxDepLength/free_style/free_style-gold-filtered_wiki.valid_v1.1.src-100_llama_3_70b_instruct_sglang_examples_0_temp_0_chain_False_seed_921405/success_rate.csv; experiments/x_ablation_study/llama_3_70b_instruct_sglang/MaxDepLength/free_style/free_style-gold-filtered_wiki.valid_v1.1.src-100_llama_3_70b_instruct_sglang_examples_0_temp_0_chain_False_seed_184623/success_rate.csv; experiments/x_ablation_study/llama_3_70b_instruct_sglang/MaxDepLength/free_style/free_style-gold-filtered_wiki.valid_v1.1.src-100_llama_3_70b_instruct_sglang_examples_0_temp_0_chain_False_seed_756301/success_rate.csv; experiments/x_ablation_study/llama_3_70b_instruct_sglang/MaxDepLength/free_style/free_style-gold-filtered_wiki.valid_v1.1.src-100_llama_3_70b_instruct_sglang_examples_0_temp_0_chain_False_seed_368914/success_rate.csv
MaxDepLength,no_sys_prompt/no_sys_prompt-gold-filtered_wiki.valid_v1.1.src-100_llama_3_70b_instruct_sglang_examples_0_temp_0_chain_False,gold_ref_abs_tgt_EXACT_success_rate_for_MaxDepLength_exact_match,14.8,gold_ref_abs_tgt_FUZZY_success_rate_for_MaxDepLength_exact_match,41.4,gold_ref_EXACT_mse_for_MaxDepLength,12.686,gold_ref_FUZZY_mse_for_MaxDepLength,8.238,gold_ref_EXACT_rmse_for_MaxDepLength,3.5607966173473935,gold_ref_FUZZY_rmse_for_MaxDepLength,2.8688231583758315,gold_ref_EXACT_correlation_for_MaxDepLength,0.586288853945381,gold_ref_EXACT_correlation_p_value_for_MaxDepLength,9.460899256330657e-10, gold_ref_abs_tgt_EXACT_success_rate_for_MaxDepLength_equal_or_lessthan,70.0,gold_ref_abs_tgt_FUZZY_success_rate_for_MaxDepLength_equal_or_lessthan,79.0, gold_ref_RatioSuccess_rate_for_MaxDepLength_exact_match,16.8,gold_ref_RatioMSE_for_MaxDepLength,0.1659894,gold_ref_RatioRMSE_for_MaxDepLength,0.40740517105907703,gold_ref_RatioCorrelation_for_MaxDepLength,0.37082481867210737,gold_ref_RatioCorrelation_p_value_for_MaxDepLength,0.00015844522016577014, gold_ref_RatioSuccess_rate_for_MaxDepLength_equal_or_lessthan,70.0, experiment_path, experiments/x_ablation_study/llama_3_70b_instruct_sglang/MaxDepLength/no_sys_prompt/no_sys_prompt-gold-filtered_wiki.valid_v1.1.src-100_llama_3_70b_instruct_sglang_examples_0_temp_0_chain_False_seed_473829/maxdepdepth_-1_maxdeplength_-1_diffwordscount_-1_avgwordcount_-1_length_-1_leven_-1_grade_-1,experiments/x_ablation_study/llama_3_70b_instruct_sglang/MaxDepLength/no_sys_prompt/no_sys_prompt-gold-filtered_wiki.valid_v1.1.src-100_llama_3_70b_instruct_sglang_examples_0_temp_0_chain_False_seed_473829/success_rate.csv; experiments/x_ablation_study/llama_3_70b_instruct_sglang/MaxDepLength/no_sys_prompt/no_sys_prompt-gold-filtered_wiki.valid_v1.1.src-100_llama_3_70b_instruct_sglang_examples_0_temp_0_chain_False_seed_921405/success_rate.csv; experiments/x_ablation_study/llama_3_70b_instruct_sglang/MaxDepLength/no_sys_prompt/no_sys_prompt-gold-filtered_wiki.valid_v1.1.src-100_llama_3_70b_instruct_sglang_examples_0_temp_0_chain_False_seed_184623/success_rate.csv; experiments/x_ablation_study/llama_3_70b_instruct_sglang/MaxDepLength/no_sys_prompt/no_sys_prompt-gold-filtered_wiki.valid_v1.1.src-100_llama_3_70b_instruct_sglang_examples_0_temp_0_chain_False_seed_756301/success_rate.csv; experiments/x_ablation_study/llama_3_70b_instruct_sglang/MaxDepLength/no_sys_prompt/no_sys_prompt-gold-filtered_wiki.valid_v1.1.src-100_llama_3_70b_instruct_sglang_examples_0_temp_0_chain_False_seed_368914/success_rate.csv
MaxDepLength,level-2.1_prompt/level-2.1_prompt-gold-filtered_wiki.valid_v1.1.src-100_llama_3_70b_instruct_sglang_examples_0_temp_0_chain_False,gold_ref_abs_tgt_EXACT_success_rate_for_MaxDepLength_exact_match,15.0,gold_ref_abs_tgt_FUZZY_success_rate_for_MaxDepLength_exact_match,37.4,gold_ref_EXACT_mse_for_MaxDepLength,17.808,gold_ref_FUZZY_mse_for_MaxDepLength,12.569999999999999,gold_ref_EXACT_rmse_for_MaxDepLength,4.219811163574794,gold_ref_FUZZY_rmse_for_MaxDepLength,3.545257621110963,gold_ref_EXACT_correlation_for_MaxDepLength,0.4444060490205368,gold_ref_EXACT_correlation_p_value_for_MaxDepLength,3.966923993606542e-06, gold_ref_abs_tgt_EXACT_success_rate_for_MaxDepLength_equal_or_lessthan,75.0,gold_ref_abs_tgt_FUZZY_success_rate_for_MaxDepLength_equal_or_lessthan,81.0, gold_ref_RatioSuccess_rate_for_MaxDepLength_exact_match,17.0,gold_ref_RatioMSE_for_MaxDepLength,0.22067799999999999,gold_ref_RatioRMSE_for_MaxDepLength,0.4697543269595152,gold_ref_RatioCorrelation_for_MaxDepLength,0.22988667136047952,gold_ref_RatioCorrelation_p_value_for_MaxDepLength,0.02213705341470726, gold_ref_RatioSuccess_rate_for_MaxDepLength_equal_or_lessthan,75.0, experiment_path, experiments/x_ablation_study/llama_3_70b_instruct_sglang/MaxDepLength/level-2.1_prompt/level-2.1_prompt-gold-filtered_wiki.valid_v1.1.src-100_llama_3_70b_instruct_sglang_examples_0_temp_0_chain_False_seed_473829/maxdepdepth_-1_maxdeplength_-1_diffwordscount_-1_avgwordcount_-1_length_-1_leven_-1_grade_-1,experiments/x_ablation_study/llama_3_70b_instruct_sglang/MaxDepLength/level-2.1_prompt/level-2.1_prompt-gold-filtered_wiki.valid_v1.1.src-100_llama_3_70b_instruct_sglang_examples_0_temp_0_chain_False_seed_473829/success_rate.csv; experiments/x_ablation_study/llama_3_70b_instruct_sglang/MaxDepLength/level-2.1_prompt/level-2.1_prompt-gold-filtered_wiki.valid_v1.1.src-100_llama_3_70b_instruct_sglang_examples_0_temp_0_chain_False_seed_921405/success_rate.csv; experiments/x_ablation_study/llama_3_70b_instruct_sglang/MaxDepLength/level-2.1_prompt/level-2.1_prompt-gold-filtered_wiki.valid_v1.1.src-100_llama_3_70b_instruct_sglang_examples_0_temp_0_chain_False_seed_184623/success_rate.csv; experiments/x_ablation_study/llama_3_70b_instruct_sglang/MaxDepLength/level-2.1_prompt/level-2.1_prompt-gold-filtered_wiki.valid_v1.1.src-100_llama_3_70b_instruct_sglang_examples_0_temp_0_chain_False_seed_756301/success_rate.csv; experiments/x_ablation_study/llama_3_70b_instruct_sglang/MaxDepLength/level-2.1_prompt/level-2.1_prompt-gold-filtered_wiki.valid_v1.1.src-100_llama_3_70b_instruct_sglang_examples_0_temp_0_chain_False_seed_368914/success_rate.csv
MaxDepLength,level-3_prompt/level-3_prompt-gold-filtered_wiki.valid_v1.1.src-100_llama_3_70b_instruct_sglang_examples_0_temp_0_chain_False,gold_ref_abs_tgt_EXACT_success_rate_for_MaxDepLength_exact_match,19.6,gold_ref_abs_tgt_FUZZY_success_rate_for_MaxDepLength_exact_match,43.0,gold_ref_EXACT_mse_for_MaxDepLength,12.144,gold_ref_FUZZY_mse_for_MaxDepLength,8.059999999999999,gold_ref_EXACT_rmse_for_MaxDepLength,3.4845975315409596,gold_ref_FUZZY_rmse_for_MaxDepLength,2.838732443814407,gold_ref_EXACT_correlation_for_MaxDepLength,0.58964709799282,gold_ref_EXACT_correlation_p_value_for_MaxDepLength,1.7086224813495777e-10, gold_ref_abs_tgt_EXACT_success_rate_for_MaxDepLength_equal_or_lessthan,57.2,gold_ref_abs_tgt_FUZZY_success_rate_for_MaxDepLength_equal_or_lessthan,68.2, gold_ref_RatioSuccess_rate_for_MaxDepLength_exact_match,22.0,gold_ref_RatioMSE_for_MaxDepLength,0.14567599999999997,gold_ref_RatioRMSE_for_MaxDepLength,0.3814548645549679,gold_ref_RatioCorrelation_for_MaxDepLength,0.48838162992537104,gold_ref_RatioCorrelation_p_value_for_MaxDepLength,2.757188918527757e-07, gold_ref_RatioSuccess_rate_for_MaxDepLength_equal_or_lessthan,57.2, experiment_path, experiments/x_ablation_study/llama_3_70b_instruct_sglang/MaxDepLength/level-3_prompt/level-3_prompt-gold-filtered_wiki.valid_v1.1.src-100_llama_3_70b_instruct_sglang_examples_0_temp_0_chain_False_seed_473829/maxdepdepth_-1_maxdeplength_-1_diffwordscount_-1_avgwordcount_-1_length_-1_leven_-1_grade_-1,experiments/x_ablation_study/llama_3_70b_instruct_sglang/MaxDepLength/level-3_prompt/level-3_prompt-gold-filtered_wiki.valid_v1.1.src-100_llama_3_70b_instruct_sglang_examples_0_temp_0_chain_False_seed_473829/success_rate.csv; experiments/x_ablation_study/llama_3_70b_instruct_sglang/MaxDepLength/level-3_prompt/level-3_prompt-gold-filtered_wiki.valid_v1.1.src-100_llama_3_70b_instruct_sglang_examples_0_temp_0_chain_False_seed_921405/success_rate.csv; experiments/x_ablation_study/llama_3_70b_instruct_sglang/MaxDepLength/level-3_prompt/level-3_prompt-gold-filtered_wiki.valid_v1.1.src-100_llama_3_70b_instruct_sglang_examples_0_temp_0_chain_False_seed_184623/success_rate.csv; experiments/x_ablation_study/llama_3_70b_instruct_sglang/MaxDepLength/level-3_prompt/level-3_prompt-gold-filtered_wiki.valid_v1.1.src-100_llama_3_70b_instruct_sglang_examples_0_temp_0_chain_False_seed_756301/success_rate.csv; experiments/x_ablation_study/llama_3_70b_instruct_sglang/MaxDepLength/level-3_prompt/level-3_prompt-gold-filtered_wiki.valid_v1.1.src-100_llama_3_70b_instruct_sglang_examples_0_temp_0_chain_False_seed_368914/success_rate.csv
MaxDepLength,level-3_prompt/level-3_prompt-gold-filtered_wiki.valid_v1.1.src-100_llama_3_70b_instruct_sglang_examples_5_temp_0_chain_False,gold_ref_abs_tgt_EXACT_success_rate_for_MaxDepLength_exact_match,27.2,gold_ref_abs_tgt_FUZZY_success_rate_for_MaxDepLength_exact_match,57.999999999999986,gold_ref_EXACT_mse_for_MaxDepLength,9.770000000000001,gold_ref_FUZZY_mse_for_MaxDepLength,6.485999999999999,gold_ref_EXACT_rmse_for_MaxDepLength,3.1251839975818014,gold_ref_FUZZY_rmse_for_MaxDepLength,2.5462151178729635,gold_ref_EXACT_correlation_for_MaxDepLength,0.7026365730692647,gold_ref_EXACT_correlation_p_value_for_MaxDepLength,9.517524828428731e-16, gold_ref_abs_tgt_EXACT_success_rate_for_MaxDepLength_equal_or_lessthan,63.4,gold_ref_abs_tgt_FUZZY_success_rate_for_MaxDepLength_equal_or_lessthan,77.2, gold_ref_RatioSuccess_rate_for_MaxDepLength_exact_match,29.2,gold_ref_RatioMSE_for_MaxDepLength,0.1444242,gold_ref_RatioRMSE_for_MaxDepLength,0.37960927209209433,gold_ref_RatioCorrelation_for_MaxDepLength,0.7052648489107555,gold_ref_RatioCorrelation_p_value_for_MaxDepLength,1.4933652662362568e-15, gold_ref_RatioSuccess_rate_for_MaxDepLength_equal_or_lessthan,63.4, experiment_path, experiments/x_ablation_study/llama_3_70b_instruct_sglang/MaxDepLength/level-3_prompt/level-3_prompt-gold-filtered_wiki.valid_v1.1.src-100_llama_3_70b_instruct_sglang_examples_5_temp_0_chain_False_seed_473829/maxdepdepth_-1_maxdeplength_-1_diffwordscount_-1_avgwordcount_-1_length_-1_leven_-1_grade_-1,experiments/x_ablation_study/llama_3_70b_instruct_sglang/MaxDepLength/level-3_prompt/level-3_prompt-gold-filtered_wiki.valid_v1.1.src-100_llama_3_70b_instruct_sglang_examples_5_temp_0_chain_False_seed_473829/success_rate.csv; experiments/x_ablation_study/llama_3_70b_instruct_sglang/MaxDepLength/level-3_prompt/level-3_prompt-gold-filtered_wiki.valid_v1.1.src-100_llama_3_70b_instruct_sglang_examples_5_temp_0_chain_False_seed_921405/success_rate.csv; experiments/x_ablation_study/llama_3_70b_instruct_sglang/MaxDepLength/level-3_prompt/level-3_prompt-gold-filtered_wiki.valid_v1.1.src-100_llama_3_70b_instruct_sglang_examples_5_temp_0_chain_False_seed_184623/success_rate.csv; experiments/x_ablation_study/llama_3_70b_instruct_sglang/MaxDepLength/level-3_prompt/level-3_prompt-gold-filtered_wiki.valid_v1.1.src-100_llama_3_70b_instruct_sglang_examples_5_temp_0_chain_False_seed_756301/success_rate.csv; experiments/x_ablation_study/llama_3_70b_instruct_sglang/MaxDepLength/level-3_prompt/level-3_prompt-gold-filtered_wiki.valid_v1.1.src-100_llama_3_70b_instruct_sglang_examples_5_temp_0_chain_False_seed_368914/success_rate.csv
MaxDepLength,level-4_prompt/level-4_prompt-gold-filtered_wiki.valid_v1.1.src-100_llama_3_70b_instruct_sglang_examples_0_temp_0_chain_False,gold_ref_abs_tgt_EXACT_success_rate_for_MaxDepLength_exact_match,15.0,gold_ref_abs_tgt_FUZZY_success_rate_for_MaxDepLength_exact_match,37.4,gold_ref_EXACT_mse_for_MaxDepLength,16.494,gold_ref_FUZZY_mse_for_MaxDepLength,11.7,gold_ref_EXACT_rmse_for_MaxDepLength,4.043496930888365,gold_ref_FUZZY_rmse_for_MaxDepLength,3.395860415479098,gold_ref_EXACT_correlation_for_MaxDepLength,0.6099831977930653,gold_ref_EXACT_correlation_p_value_for_MaxDepLength,5.4607735224646e-09, gold_ref_abs_tgt_EXACT_success_rate_for_MaxDepLength_equal_or_lessthan,53.6,gold_ref_abs_tgt_FUZZY_success_rate_for_MaxDepLength_equal_or_lessthan,63.2, gold_ref_RatioSuccess_rate_for_MaxDepLength_exact_match,15.8,gold_ref_RatioMSE_for_MaxDepLength,0.353055,gold_ref_RatioRMSE_for_MaxDepLength,0.5690714777201334,gold_ref_RatioCorrelation_for_MaxDepLength,0.6107265577159466,gold_ref_RatioCorrelation_p_value_for_MaxDepLength,5.906431782981312e-09, gold_ref_RatioSuccess_rate_for_MaxDepLength_equal_or_lessthan,53.6, experiment_path, experiments/x_ablation_study/llama_3_70b_instruct_sglang/MaxDepLength/level-4_prompt/level-4_prompt-gold-filtered_wiki.valid_v1.1.src-100_llama_3_70b_instruct_sglang_examples_0_temp_0_chain_False_seed_473829/maxdepdepth_-1_maxdeplength_-1_diffwordscount_-1_avgwordcount_-1_length_-1_leven_-1_grade_-1,experiments/x_ablation_study/llama_3_70b_instruct_sglang/MaxDepLength/level-4_prompt/level-4_prompt-gold-filtered_wiki.valid_v1.1.src-100_llama_3_70b_instruct_sglang_examples_0_temp_0_chain_False_seed_473829/success_rate.csv; experiments/x_ablation_study/llama_3_70b_instruct_sglang/MaxDepLength/level-4_prompt/level-4_prompt-gold-filtered_wiki.valid_v1.1.src-100_llama_3_70b_instruct_sglang_examples_0_temp_0_chain_False_seed_921405/success_rate.csv; experiments/x_ablation_study/llama_3_70b_instruct_sglang/MaxDepLength/level-4_prompt/level-4_prompt-gold-filtered_wiki.valid_v1.1.src-100_llama_3_70b_instruct_sglang_examples_0_temp_0_chain_False_seed_184623/success_rate.csv; experiments/x_ablation_study/llama_3_70b_instruct_sglang/MaxDepLength/level-4_prompt/level-4_prompt-gold-filtered_wiki.valid_v1.1.src-100_llama_3_70b_instruct_sglang_examples_0_temp_0_chain_False_seed_756301/success_rate.csv; experiments/x_ablation_study/llama_3_70b_instruct_sglang/MaxDepLength/level-4_prompt/level-4_prompt-gold-filtered_wiki.valid_v1.1.src-100_llama_3_70b_instruct_sglang_examples_0_temp_0_chain_False_seed_368914/success_rate.csv
MaxDepLength,level-4_prompt_fs/level-4_prompt-gold-filtered_wiki.valid_v1.1.src-100_llama_3_70b_instruct_sglang_examples_5_temp_0_chain_False,gold_ref_abs_tgt_EXACT_success_rate_for_MaxDepLength_exact_match,36.6,gold_ref_abs_tgt_FUZZY_success_rate_for_MaxDepLength_exact_match,63.2,gold_ref_EXACT_mse_for_MaxDepLength,32.628,gold_ref_FUZZY_mse_for_MaxDepLength,29.342000000000002,gold_ref_EXACT_rmse_for_MaxDepLength,4.670751442697788,gold_ref_FUZZY_rmse_for_MaxDepLength,4.206569147254409,gold_ref_EXACT_correlation_for_MaxDepLength,0.6720446744895436,gold_ref_EXACT_correlation_p_value_for_MaxDepLength,0.0012629546396622769, gold_ref_abs_tgt_EXACT_success_rate_for_MaxDepLength_equal_or_lessthan,73.2,gold_ref_abs_tgt_FUZZY_success_rate_for_MaxDepLength_equal_or_lessthan,88.2, gold_ref_RatioSuccess_rate_for_MaxDepLength_exact_match,39.0,gold_ref_RatioMSE_for_MaxDepLength,0.23842340000000012,gold_ref_RatioRMSE_for_MaxDepLength,0.4308818876891564,gold_ref_RatioCorrelation_for_MaxDepLength,0.6342158097407012,gold_ref_RatioCorrelation_p_value_for_MaxDepLength,5.68030629262817e-05, gold_ref_RatioSuccess_rate_for_MaxDepLength_equal_or_lessthan,73.2, experiment_path, experiments/x_ablation_study/llama_3_70b_instruct_sglang/MaxDepLength/level-4_prompt_fs/level-4_prompt-gold-filtered_wiki.valid_v1.1.src-100_llama_3_70b_instruct_sglang_examples_5_temp_0_chain_False_seed_473829/maxdepdepth_-1_maxdeplength_-1_diffwordscount_-1_avgwordcount_-1_length_-1_leven_-1_grade_-1,experiments/x_ablation_study/llama_3_70b_instruct_sglang/MaxDepLength/level-4_prompt_fs/level-4_prompt-gold-filtered_wiki.valid_v1.1.src-100_llama_3_70b_instruct_sglang_examples_5_temp_0_chain_False_seed_473829/success_rate.csv; experiments/x_ablation_study/llama_3_70b_instruct_sglang/MaxDepLength/level-4_prompt_fs/level-4_prompt-gold-filtered_wiki.valid_v1.1.src-100_llama_3_70b_instruct_sglang_examples_5_temp_0_chain_False_seed_921405/success_rate.csv; experiments/x_ablation_study/llama_3_70b_instruct_sglang/MaxDepLength/level-4_prompt_fs/level-4_prompt-gold-filtered_wiki.valid_v1.1.src-100_llama_3_70b_instruct_sglang_examples_5_temp_0_chain_False_seed_184623/success_rate.csv; experiments/x_ablation_study/llama_3_70b_instruct_sglang/MaxDepLength/level-4_prompt_fs/level-4_prompt-gold-filtered_wiki.valid_v1.1.src-100_llama_3_70b_instruct_sglang_examples_5_temp_0_chain_False_seed_756301/success_rate.csv; experiments/x_ablation_study/llama_3_70b_instruct_sglang/MaxDepLength/level-4_prompt_fs/level-4_prompt-gold-filtered_wiki.valid_v1.1.src-100_llama_3_70b_instruct_sglang_examples_5_temp_0_chain_False_seed_368914/success_rate.csv
MaxDepLength,level-4_feedbackloop_prompt-gold-filtered_wiki.valid_v1.1.src-100_llama_3_70b_instruct_sglang_examples_5_temp_0_chain_True,gold_ref_abs_tgt_EXACT_success_rate_for_MaxDepLength_exact_match,78.4,gold_ref_abs_tgt_FUZZY_success_rate_for_MaxDepLength_exact_match,84.8,gold_ref_EXACT_mse_for_MaxDepLength,13.398,gold_ref_FUZZY_mse_for_MaxDepLength,11.53,gold_ref_EXACT_rmse_for_MaxDepLength,3.6192931152148007,gold_ref_FUZZY_rmse_for_MaxDepLength,3.3471350680413536,gold_ref_EXACT_correlation_for_MaxDepLength,0.7896408578058391,gold_ref_EXACT_correlation_p_value_for_MaxDepLength,3.507192754824008e-20, gold_ref_abs_tgt_EXACT_success_rate_for_MaxDepLength_equal_or_lessthan,92.2,gold_ref_abs_tgt_FUZZY_success_rate_for_MaxDepLength_equal_or_lessthan,93.8, gold_ref_RatioSuccess_rate_for_MaxDepLength_exact_match,79.2,gold_ref_RatioMSE_for_MaxDepLength,0.145581,gold_ref_RatioRMSE_for_MaxDepLength,0.3785460718811778,gold_ref_RatioCorrelation_for_MaxDepLength,0.7599641153690538,gold_ref_RatioCorrelation_p_value_for_MaxDepLength,2.3409920438455995e-16, gold_ref_RatioSuccess_rate_for_MaxDepLength_equal_or_lessthan,92.2, experiment_path, experiments/x_ablation_study/llama_3_70b_instruct_sglang/MaxDepLength/level-4_feedbackloop_prompt-gold-filtered_wiki.valid_v1.1.src-100_llama_3_70b_instruct_sglang_examples_5_temp_0_chain_True_seed_473829/maxdepdepth_-1_maxdeplength_-1_diffwordscount_-1_avgwordcount_-1_length_-1_leven_-1_grade_-1,experiments/x_ablation_study/llama_3_70b_instruct_sglang/MaxDepLength/level-4_feedbackloop_prompt-gold-filtered_wiki.valid_v1.1.src-100_llama_3_70b_instruct_sglang_examples_5_temp_0_chain_True_seed_473829/success_rate.csv; experiments/x_ablation_study/llama_3_70b_instruct_sglang/MaxDepLength/level-4_feedbackloop_prompt-gold-filtered_wiki.valid_v1.1.src-100_llama_3_70b_instruct_sglang_examples_5_temp_0_chain_True_seed_921405/success_rate.csv; experiments/x_ablation_study/llama_3_70b_instruct_sglang/MaxDepLength/level-4_feedbackloop_prompt-gold-filtered_wiki.valid_v1.1.src-100_llama_3_70b_instruct_sglang_examples_5_temp_0_chain_True_seed_184623/success_rate.csv; experiments/x_ablation_study/llama_3_70b_instruct_sglang/MaxDepLength/level-4_feedbackloop_prompt-gold-filtered_wiki.valid_v1.1.src-100_llama_3_70b_instruct_sglang_examples_5_temp_0_chain_True_seed_756301/success_rate.csv; experiments/x_ablation_study/llama_3_70b_instruct_sglang/MaxDepLength/level-4_feedbackloop_prompt-gold-filtered_wiki.valid_v1.1.src-100_llama_3_70b_instruct_sglang_examples_5_temp_0_chain_True_seed_368914/success_rate.csv
DiffWords,free_style/free_style-gold-filtered_wiki.valid_v1.1.src-100_llama_3_70b_instruct_sglang_examples_0_temp_0_chain_False,gold_ref_abs_tgt_EXACT_success_rate_for_DiffWords_exact_match,22.0,gold_ref_abs_tgt_FUZZY_success_rate_for_DiffWords_exact_match,51.8,gold_ref_EXACT_mse_for_DiffWords,3.9479999999999995,gold_ref_FUZZY_mse_for_DiffWords,1.7120000000000002,gold_ref_EXACT_rmse_for_DiffWords,1.9857022624786702,gold_ref_FUZZY_rmse_for_DiffWords,1.3056699283467657,gold_ref_EXACT_correlation_for_DiffWords,0.5518288028533302,gold_ref_EXACT_correlation_p_value_for_DiffWords,1.5501976761117126e-08, gold_ref_abs_tgt_EXACT_success_rate_for_DiffWords_equal_or_lessthan,44.4,gold_ref_abs_tgt_FUZZY_success_rate_for_DiffWords_equal_or_lessthan,70.8, gold_ref_RatioSuccess_rate_for_DiffWords_exact_match,23.0,gold_ref_RatioMSE_for_DiffWords,0.3354474,gold_ref_RatioRMSE_for_DiffWords,0.5790850206599436,gold_ref_RatioCorrelation_for_DiffWords,0.567023077551939,gold_ref_RatioCorrelation_p_value_for_DiffWords,1.1532805950830223e-09, gold_ref_RatioSuccess_rate_for_DiffWords_equal_or_lessthan,45.4, experiment_path, experiments/x_ablation_study/llama_3_70b_instruct_sglang/DiffWords/free_style/free_style-gold-filtered_wiki.valid_v1.1.src-100_llama_3_70b_instruct_sglang_examples_0_temp_0_chain_False_seed_473829/maxdepdepth_-1_maxdeplength_-1_diffwordscount_-1_avgwordcount_-1_length_-1_leven_-1_grade_-1,experiments/x_ablation_study/llama_3_70b_instruct_sglang/DiffWords/free_style/free_style-gold-filtered_wiki.valid_v1.1.src-100_llama_3_70b_instruct_sglang_examples_0_temp_0_chain_False_seed_473829/success_rate.csv; experiments/x_ablation_study/llama_3_70b_instruct_sglang/DiffWords/free_style/free_style-gold-filtered_wiki.valid_v1.1.src-100_llama_3_70b_instruct_sglang_examples_0_temp_0_chain_False_seed_921405/success_rate.csv; experiments/x_ablation_study/llama_3_70b_instruct_sglang/DiffWords/free_style/free_style-gold-filtered_wiki.valid_v1.1.src-100_llama_3_70b_instruct_sglang_examples_0_temp_0_chain_False_seed_184623/success_rate.csv; experiments/x_ablation_study/llama_3_70b_instruct_sglang/DiffWords/free_style/free_style-gold-filtered_wiki.valid_v1.1.src-100_llama_3_70b_instruct_sglang_examples_0_temp_0_chain_False_seed_756301/success_rate.csv; experiments/x_ablation_study/llama_3_70b_instruct_sglang/DiffWords/free_style/free_style-gold-filtered_wiki.valid_v1.1.src-100_llama_3_70b_instruct_sglang_examples_0_temp_0_chain_False_seed_368914/success_rate.csv
DiffWords,no_sys_prompt/no_sys_prompt-gold-filtered_wiki.valid_v1.1.src-100_llama_3_70b_instruct_sglang_examples_0_temp_0_chain_False,gold_ref_abs_tgt_EXACT_success_rate_for_DiffWords_exact_match,21.0,gold_ref_abs_tgt_FUZZY_success_rate_for_DiffWords_exact_match,39.6,gold_ref_EXACT_mse_for_DiffWords,10.192000000000002,gold_ref_FUZZY_mse_for_DiffWords,6.35,gold_ref_EXACT_rmse_for_DiffWords,3.192083759019687,gold_ref_FUZZY_rmse_for_DiffWords,2.519319419352963,gold_ref_EXACT_correlation_for_DiffWords,0.11663169455672495,gold_ref_EXACT_correlation_p_value_for_DiffWords,0.2500347328109875, gold_ref_abs_tgt_EXACT_success_rate_for_DiffWords_equal_or_lessthan,52.0,gold_ref_abs_tgt_FUZZY_success_rate_for_DiffWords_equal_or_lessthan,61.8, gold_ref_RatioSuccess_rate_for_DiffWords_exact_match,21.0,gold_ref_RatioMSE_for_DiffWords,0.2603478,gold_ref_RatioRMSE_for_DiffWords,0.5102284953904418,gold_ref_RatioCorrelation_for_DiffWords,0.08778449971335833,gold_ref_RatioCorrelation_p_value_for_DiffWords,0.39040291414992734, gold_ref_RatioSuccess_rate_for_DiffWords_equal_or_lessthan,52.0, experiment_path, experiments/x_ablation_study/llama_3_70b_instruct_sglang/DiffWords/no_sys_prompt/no_sys_prompt-gold-filtered_wiki.valid_v1.1.src-100_llama_3_70b_instruct_sglang_examples_0_temp_0_chain_False_seed_473829/maxdepdepth_-1_maxdeplength_-1_diffwordscount_-1_avgwordcount_-1_length_-1_leven_-1_grade_-1,experiments/x_ablation_study/llama_3_70b_instruct_sglang/DiffWords/no_sys_prompt/no_sys_prompt-gold-filtered_wiki.valid_v1.1.src-100_llama_3_70b_instruct_sglang_examples_0_temp_0_chain_False_seed_473829/success_rate.csv; experiments/x_ablation_study/llama_3_70b_instruct_sglang/DiffWords/no_sys_prompt/no_sys_prompt-gold-filtered_wiki.valid_v1.1.src-100_llama_3_70b_instruct_sglang_examples_0_temp_0_chain_False_seed_921405/success_rate.csv; experiments/x_ablation_study/llama_3_70b_instruct_sglang/DiffWords/no_sys_prompt/no_sys_prompt-gold-filtered_wiki.valid_v1.1.src-100_llama_3_70b_instruct_sglang_examples_0_temp_0_chain_False_seed_184623/success_rate.csv; experiments/x_ablation_study/llama_3_70b_instruct_sglang/DiffWords/no_sys_prompt/no_sys_prompt-gold-filtered_wiki.valid_v1.1.src-100_llama_3_70b_instruct_sglang_examples_0_temp_0_chain_False_seed_756301/success_rate.csv; experiments/x_ablation_study/llama_3_70b_instruct_sglang/DiffWords/no_sys_prompt/no_sys_prompt-gold-filtered_wiki.valid_v1.1.src-100_llama_3_70b_instruct_sglang_examples_0_temp_0_chain_False_seed_368914/success_rate.csv
DiffWords,level-2.1_prompt/level-2.1_prompt-gold-filtered_wiki.valid_v1.1.src-100_llama_3_70b_instruct_sglang_examples_0_temp_0_chain_False,gold_ref_abs_tgt_EXACT_success_rate_for_DiffWords_exact_match,25.8,gold_ref_abs_tgt_FUZZY_success_rate_for_DiffWords_exact_match,52.2,gold_ref_EXACT_mse_for_DiffWords,5.558,gold_ref_FUZZY_mse_for_DiffWords,2.872,gold_ref_EXACT_rmse_for_DiffWords,2.3573802365734293,gold_ref_FUZZY_rmse_for_DiffWords,1.6944952621184939,gold_ref_EXACT_correlation_for_DiffWords,0.4492678611685791,gold_ref_EXACT_correlation_p_value_for_DiffWords,3.285293943675788e-06, gold_ref_abs_tgt_EXACT_success_rate_for_DiffWords_equal_or_lessthan,62.8,gold_ref_abs_tgt_FUZZY_success_rate_for_DiffWords_equal_or_lessthan,73.0, gold_ref_RatioSuccess_rate_for_DiffWords_exact_match,25.8,gold_ref_RatioMSE_for_DiffWords,0.17497619999999997,gold_ref_RatioRMSE_for_DiffWords,0.41826937990556845,gold_ref_RatioCorrelation_for_DiffWords,0.2365276655091107,gold_ref_RatioCorrelation_p_value_for_DiffWords,0.019879337566574798, gold_ref_RatioSuccess_rate_for_DiffWords_equal_or_lessthan,62.8, experiment_path, experiments/x_ablation_study/llama_3_70b_instruct_sglang/DiffWords/level-2.1_prompt/level-2.1_prompt-gold-filtered_wiki.valid_v1.1.src-100_llama_3_70b_instruct_sglang_examples_0_temp_0_chain_False_seed_473829/maxdepdepth_-1_maxdeplength_-1_diffwordscount_-1_avgwordcount_-1_length_-1_leven_-1_grade_-1,experiments/x_ablation_study/llama_3_70b_instruct_sglang/DiffWords/level-2.1_prompt/level-2.1_prompt-gold-filtered_wiki.valid_v1.1.src-100_llama_3_70b_instruct_sglang_examples_0_temp_0_chain_False_seed_473829/success_rate.csv; experiments/x_ablation_study/llama_3_70b_instruct_sglang/DiffWords/level-2.1_prompt/level-2.1_prompt-gold-filtered_wiki.valid_v1.1.src-100_llama_3_70b_instruct_sglang_examples_0_temp_0_chain_False_seed_921405/success_rate.csv; experiments/x_ablation_study/llama_3_70b_instruct_sglang/DiffWords/level-2.1_prompt/level-2.1_prompt-gold-filtered_wiki.valid_v1.1.src-100_llama_3_70b_instruct_sglang_examples_0_temp_0_chain_False_seed_184623/success_rate.csv; experiments/x_ablation_study/llama_3_70b_instruct_sglang/DiffWords/level-2.1_prompt/level-2.1_prompt-gold-filtered_wiki.valid_v1.1.src-100_llama_3_70b_instruct_sglang_examples_0_temp_0_chain_False_seed_756301/success_rate.csv; experiments/x_ablation_study/llama_3_70b_instruct_sglang/DiffWords/level-2.1_prompt/level-2.1_prompt-gold-filtered_wiki.valid_v1.1.src-100_llama_3_70b_instruct_sglang_examples_0_temp_0_chain_False_seed_368914/success_rate.csv
DiffWords,level-3_prompt/level-3_prompt-gold-filtered_wiki.valid_v1.1.src-100_llama_3_70b_instruct_sglang_examples_0_temp_0_chain_False,gold_ref_abs_tgt_EXACT_success_rate_for_DiffWords_exact_match,28.6,gold_ref_abs_tgt_FUZZY_success_rate_for_DiffWords_exact_match,56.2,gold_ref_EXACT_mse_for_DiffWords,5.272,gold_ref_FUZZY_mse_for_DiffWords,2.738,gold_ref_EXACT_rmse_for_DiffWords,2.296046627017335,gold_ref_FUZZY_rmse_for_DiffWords,1.6546644256152139,gold_ref_EXACT_correlation_for_DiffWords,0.5705861708850544,gold_ref_EXACT_correlation_p_value_for_DiffWords,6.919688706360594e-10, gold_ref_abs_tgt_EXACT_success_rate_for_DiffWords_equal_or_lessthan,89.2,gold_ref_abs_tgt_FUZZY_success_rate_for_DiffWords_equal_or_lessthan,95.0, gold_ref_RatioSuccess_rate_for_DiffWords_exact_match,30.6,gold_ref_RatioMSE_for_DiffWords,0.16123859999999998,gold_ref_RatioRMSE_for_DiffWords,0.40153833027697977,gold_ref_RatioCorrelation_for_DiffWords,0.5555214652564041,gold_ref_RatioCorrelation_p_value_for_DiffWords,2.4605726008917775e-09, gold_ref_RatioSuccess_rate_for_DiffWords_equal_or_lessthan,90.2, experiment_path, experiments/x_ablation_study/llama_3_70b_instruct_sglang/DiffWords/level-3_prompt/level-3_prompt-gold-filtered_wiki.valid_v1.1.src-100_llama_3_70b_instruct_sglang_examples_0_temp_0_chain_False_seed_473829/maxdepdepth_-1_maxdeplength_-1_diffwordscount_-1_avgwordcount_-1_length_-1_leven_-1_grade_-1,experiments/x_ablation_study/llama_3_70b_instruct_sglang/DiffWords/level-3_prompt/level-3_prompt-gold-filtered_wiki.valid_v1.1.src-100_llama_3_70b_instruct_sglang_examples_0_temp_0_chain_False_seed_473829/success_rate.csv; experiments/x_ablation_study/llama_3_70b_instruct_sglang/DiffWords/level-3_prompt/level-3_prompt-gold-filtered_wiki.valid_v1.1.src-100_llama_3_70b_instruct_sglang_examples_0_temp_0_chain_False_seed_921405/success_rate.csv; experiments/x_ablation_study/llama_3_70b_instruct_sglang/DiffWords/level-3_prompt/level-3_prompt-gold-filtered_wiki.valid_v1.1.src-100_llama_3_70b_instruct_sglang_examples_0_temp_0_chain_False_seed_184623/success_rate.csv; experiments/x_ablation_study/llama_3_70b_instruct_sglang/DiffWords/level-3_prompt/level-3_prompt-gold-filtered_wiki.valid_v1.1.src-100_llama_3_70b_instruct_sglang_examples_0_temp_0_chain_False_seed_756301/success_rate.csv; experiments/x_ablation_study/llama_3_70b_instruct_sglang/DiffWords/level-3_prompt/level-3_prompt-gold-filtered_wiki.valid_v1.1.src-100_llama_3_70b_instruct_sglang_examples_0_temp_0_chain_False_seed_368914/success_rate.csv
DiffWords,level-3_prompt/level-3_prompt-gold-filtered_wiki.valid_v1.1.src-100_llama_3_70b_instruct_sglang_examples_5_temp_0_chain_False,gold_ref_abs_tgt_EXACT_success_rate_for_DiffWords_exact_match,32.6,gold_ref_abs_tgt_FUZZY_success_rate_for_DiffWords_exact_match,76.6,gold_ref_EXACT_mse_for_DiffWords,2.03,gold_ref_FUZZY_mse_for_DiffWords,0.6759999999999999,gold_ref_EXACT_rmse_for_DiffWords,1.4245921596471613,gold_ref_FUZZY_rmse_for_DiffWords,0.8216572657894055,gold_ref_EXACT_correlation_for_DiffWords,0.8551010197687079,gold_ref_EXACT_correlation_p_value_for_DiffWords,3.9511284254779784e-29, gold_ref_abs_tgt_EXACT_success_rate_for_DiffWords_equal_or_lessthan,88.6,gold_ref_abs_tgt_FUZZY_success_rate_for_DiffWords_equal_or_lessthan,97.8, gold_ref_RatioSuccess_rate_for_DiffWords_exact_match,34.6,gold_ref_RatioMSE_for_DiffWords,0.08195039999999999,gold_ref_RatioRMSE_for_DiffWords,0.28626318040280824,gold_ref_RatioCorrelation_for_DiffWords,0.7737801300803561,gold_ref_RatioCorrelation_p_value_for_DiffWords,4.62138972959768e-21, gold_ref_RatioSuccess_rate_for_DiffWords_equal_or_lessthan,89.6, experiment_path, experiments/x_ablation_study/llama_3_70b_instruct_sglang/DiffWords/level-3_prompt/level-3_prompt-gold-filtered_wiki.valid_v1.1.src-100_llama_3_70b_instruct_sglang_examples_5_temp_0_chain_False_seed_473829/maxdepdepth_-1_maxdeplength_-1_diffwordscount_-1_avgwordcount_-1_length_-1_leven_-1_grade_-1,experiments/x_ablation_study/llama_3_70b_instruct_sglang/DiffWords/level-3_prompt/level-3_prompt-gold-filtered_wiki.valid_v1.1.src-100_llama_3_70b_instruct_sglang_examples_5_temp_0_chain_False_seed_473829/success_rate.csv; experiments/x_ablation_study/llama_3_70b_instruct_sglang/DiffWords/level-3_prompt/level-3_prompt-gold-filtered_wiki.valid_v1.1.src-100_llama_3_70b_instruct_sglang_examples_5_temp_0_chain_False_seed_921405/success_rate.csv; experiments/x_ablation_study/llama_3_70b_instruct_sglang/DiffWords/level-3_prompt/level-3_prompt-gold-filtered_wiki.valid_v1.1.src-100_llama_3_70b_instruct_sglang_examples_5_temp_0_chain_False_seed_184623/success_rate.csv; experiments/x_ablation_study/llama_3_70b_instruct_sglang/DiffWords/level-3_prompt/level-3_prompt-gold-filtered_wiki.valid_v1.1.src-100_llama_3_70b_instruct_sglang_examples_5_temp_0_chain_False_seed_756301/success_rate.csv; experiments/x_ablation_study/llama_3_70b_instruct_sglang/DiffWords/level-3_prompt/level-3_prompt-gold-filtered_wiki.valid_v1.1.src-100_llama_3_70b_instruct_sglang_examples_5_temp_0_chain_False_seed_368914/success_rate.csv
DiffWords,level-4_prompt/level-4_prompt-gold-filtered_wiki.valid_v1.1.src-100_llama_3_70b_instruct_sglang_examples_0_temp_0_chain_False,gold_ref_abs_tgt_EXACT_success_rate_for_DiffWords_exact_match,15.4,gold_ref_abs_tgt_FUZZY_success_rate_for_DiffWords_exact_match,49.0,gold_ref_EXACT_mse_for_DiffWords,6.1819999999999995,gold_ref_FUZZY_mse_for_DiffWords,3.2079999999999997,gold_ref_EXACT_rmse_for_DiffWords,2.4844008592299347,gold_ref_FUZZY_rmse_for_DiffWords,1.7887685098455612,gold_ref_EXACT_correlation_for_DiffWords,0.48581756141247323,gold_ref_EXACT_correlation_p_value_for_DiffWords,8.851414539666047e-07, gold_ref_abs_tgt_EXACT_success_rate_for_DiffWords_equal_or_lessthan,83.8,gold_ref_abs_tgt_FUZZY_success_rate_for_DiffWords_equal_or_lessthan,93.4, gold_ref_RatioSuccess_rate_for_DiffWords_exact_match,17.0,gold_ref_RatioMSE_for_DiffWords,0.19903519999999997,gold_ref_RatioRMSE_for_DiffWords,0.44589719093863467,gold_ref_RatioCorrelation_for_DiffWords,0.4278733291576797,gold_ref_RatioCorrelation_p_value_for_DiffWords,4.655954948877899e-05, gold_ref_RatioSuccess_rate_for_DiffWords_equal_or_lessthan,84.4, experiment_path, experiments/x_ablation_study/llama_3_70b_instruct_sglang/DiffWords/level-4_prompt/level-4_prompt-gold-filtered_wiki.valid_v1.1.src-100_llama_3_70b_instruct_sglang_examples_0_temp_0_chain_False_seed_473829/maxdepdepth_-1_maxdeplength_-1_diffwordscount_-1_avgwordcount_-1_length_-1_leven_-1_grade_-1,experiments/x_ablation_study/llama_3_70b_instruct_sglang/DiffWords/level-4_prompt/level-4_prompt-gold-filtered_wiki.valid_v1.1.src-100_llama_3_70b_instruct_sglang_examples_0_temp_0_chain_False_seed_473829/success_rate.csv; experiments/x_ablation_study/llama_3_70b_instruct_sglang/DiffWords/level-4_prompt/level-4_prompt-gold-filtered_wiki.valid_v1.1.src-100_llama_3_70b_instruct_sglang_examples_0_temp_0_chain_False_seed_921405/success_rate.csv; experiments/x_ablation_study/llama_3_70b_instruct_sglang/DiffWords/level-4_prompt/level-4_prompt-gold-filtered_wiki.valid_v1.1.src-100_llama_3_70b_instruct_sglang_examples_0_temp_0_chain_False_seed_184623/success_rate.csv; experiments/x_ablation_study/llama_3_70b_instruct_sglang/DiffWords/level-4_prompt/level-4_prompt-gold-filtered_wiki.valid_v1.1.src-100_llama_3_70b_instruct_sglang_examples_0_temp_0_chain_False_seed_756301/success_rate.csv; experiments/x_ablation_study/llama_3_70b_instruct_sglang/DiffWords/level-4_prompt/level-4_prompt-gold-filtered_wiki.valid_v1.1.src-100_llama_3_70b_instruct_sglang_examples_0_temp_0_chain_False_seed_368914/success_rate.csv
DiffWords,level-4_prompt_fs/level-4_prompt-gold-filtered_wiki.valid_v1.1.src-100_llama_3_70b_instruct_sglang_examples_5_temp_0_chain_False,gold_ref_abs_tgt_EXACT_success_rate_for_DiffWords_exact_match,50.6,gold_ref_abs_tgt_FUZZY_success_rate_for_DiffWords_exact_match,87.4,gold_ref_EXACT_mse_for_DiffWords,1.242,gold_ref_FUZZY_mse_for_DiffWords,0.35600000000000004,gold_ref_EXACT_rmse_for_DiffWords,1.1144236132195953,gold_ref_FUZZY_rmse_for_DiffWords,0.596619037896906,gold_ref_EXACT_correlation_for_DiffWords,0.9164680341029576,gold_ref_EXACT_correlation_p_value_for_DiffWords,1.0740220471781524e-40, gold_ref_abs_tgt_EXACT_success_rate_for_DiffWords_equal_or_lessthan,65.4,gold_ref_abs_tgt_FUZZY_success_rate_for_DiffWords_equal_or_lessthan,87.8, gold_ref_RatioSuccess_rate_for_DiffWords_exact_match,52.6,gold_ref_RatioMSE_for_DiffWords,0.0355636,gold_ref_RatioRMSE_for_DiffWords,0.18857778923265128,gold_ref_RatioCorrelation_for_DiffWords,0.8768626582221094,gold_ref_RatioCorrelation_p_value_for_DiffWords,6.945483410779365e-33, gold_ref_RatioSuccess_rate_for_DiffWords_equal_or_lessthan,66.4, experiment_path, experiments/x_ablation_study/llama_3_70b_instruct_sglang/DiffWords/level-4_prompt_fs/level-4_prompt-gold-filtered_wiki.valid_v1.1.src-100_llama_3_70b_instruct_sglang_examples_5_temp_0_chain_False_seed_473829/maxdepdepth_-1_maxdeplength_-1_diffwordscount_-1_avgwordcount_-1_length_-1_leven_-1_grade_-1,experiments/x_ablation_study/llama_3_70b_instruct_sglang/DiffWords/level-4_prompt_fs/level-4_prompt-gold-filtered_wiki.valid_v1.1.src-100_llama_3_70b_instruct_sglang_examples_5_temp_0_chain_False_seed_473829/success_rate.csv; experiments/x_ablation_study/llama_3_70b_instruct_sglang/DiffWords/level-4_prompt_fs/level-4_prompt-gold-filtered_wiki.valid_v1.1.src-100_llama_3_70b_instruct_sglang_examples_5_temp_0_chain_False_seed_921405/success_rate.csv; experiments/x_ablation_study/llama_3_70b_instruct_sglang/DiffWords/level-4_prompt_fs/level-4_prompt-gold-filtered_wiki.valid_v1.1.src-100_llama_3_70b_instruct_sglang_examples_5_temp_0_chain_False_seed_184623/success_rate.csv; experiments/x_ablation_study/llama_3_70b_instruct_sglang/DiffWords/level-4_prompt_fs/level-4_prompt-gold-filtered_wiki.valid_v1.1.src-100_llama_3_70b_instruct_sglang_examples_5_temp_0_chain_False_seed_756301/success_rate.csv; experiments/x_ablation_study/llama_3_70b_instruct_sglang/DiffWords/level-4_prompt_fs/level-4_prompt-gold-filtered_wiki.valid_v1.1.src-100_llama_3_70b_instruct_sglang_examples_5_temp_0_chain_False_seed_368914/success_rate.csv
DiffWords,level-4_feedbackloop_prompt-gold-filtered_wiki.valid_v1.1.src-100_llama_3_70b_instruct_sglang_examples_5_temp_0_chain_True,gold_ref_abs_tgt_EXACT_success_rate_for_DiffWords_exact_match,99.4,gold_ref_abs_tgt_FUZZY_success_rate_for_DiffWords_exact_match,100.0,gold_ref_EXACT_mse_for_DiffWords,0.006,gold_ref_FUZZY_mse_for_DiffWords,0.0,gold_ref_EXACT_rmse_for_DiffWords,0.06000000000000001,gold_ref_FUZZY_rmse_for_DiffWords,0.0,gold_ref_EXACT_correlation_for_DiffWords,0.9994564317355064,gold_ref_EXACT_correlation_p_value_for_DiffWords,2.2802517157446816e-136, gold_ref_abs_tgt_EXACT_success_rate_for_DiffWords_equal_or_lessthan,99.8,gold_ref_abs_tgt_FUZZY_success_rate_for_DiffWords_equal_or_lessthan,100.0, gold_ref_RatioSuccess_rate_for_DiffWords_exact_match,99.4,gold_ref_RatioMSE_for_DiffWords,0.00010140000000000001,gold_ref_RatioRMSE_for_DiffWords,0.007800000000000001,gold_ref_RatioCorrelation_for_DiffWords,0.9996260745677343,gold_ref_RatioCorrelation_p_value_for_DiffWords,2.316392805328992e-144, gold_ref_RatioSuccess_rate_for_DiffWords_equal_or_lessthan,99.8, experiment_path, experiments/x_ablation_study/llama_3_70b_instruct_sglang/DiffWords/level-4_feedbackloop_prompt-gold-filtered_wiki.valid_v1.1.src-100_llama_3_70b_instruct_sglang_examples_5_temp_0_chain_True_seed_473829/maxdepdepth_-1_maxdeplength_-1_diffwordscount_-1_avgwordcount_-1_length_-1_leven_-1_grade_-1,experiments/x_ablation_study/llama_3_70b_instruct_sglang/DiffWords/level-4_feedbackloop_prompt-gold-filtered_wiki.valid_v1.1.src-100_llama_3_70b_instruct_sglang_examples_5_temp_0_chain_True_seed_473829/success_rate.csv; experiments/x_ablation_study/llama_3_70b_instruct_sglang/DiffWords/level-4_feedbackloop_prompt-gold-filtered_wiki.valid_v1.1.src-100_llama_3_70b_instruct_sglang_examples_5_temp_0_chain_True_seed_921405/success_rate.csv; experiments/x_ablation_study/llama_3_70b_instruct_sglang/DiffWords/level-4_feedbackloop_prompt-gold-filtered_wiki.valid_v1.1.src-100_llama_3_70b_instruct_sglang_examples_5_temp_0_chain_True_seed_184623/success_rate.csv; experiments/x_ablation_study/llama_3_70b_instruct_sglang/DiffWords/level-4_feedbackloop_prompt-gold-filtered_wiki.valid_v1.1.src-100_llama_3_70b_instruct_sglang_examples_5_temp_0_chain_True_seed_756301/success_rate.csv; experiments/x_ablation_study/llama_3_70b_instruct_sglang/DiffWords/level-4_feedbackloop_prompt-gold-filtered_wiki.valid_v1.1.src-100_llama_3_70b_instruct_sglang_examples_5_temp_0_chain_True_seed_368914/success_rate.csv
WordCount,free_style/free_style-gold-filtered_wiki.valid_v1.1.src-100_llama_3_70b_instruct_sglang_examples_0_temp_0_chain_False,gold_ref_abs_tgt_EXACT_success_rate_for_WordCount_exact_match,89.8,gold_ref_abs_tgt_FUZZY_success_rate_for_WordCount_exact_match,96.0,gold_ref_EXACT_mse_for_WordCount,0.5820000000000001,gold_ref_FUZZY_mse_for_WordCount,0.296,gold_ref_EXACT_rmse_for_WordCount,0.7608034207977278,gold_ref_FUZZY_rmse_for_WordCount,0.5388854381999832,gold_ref_EXACT_correlation_for_WordCount,0.9954277242316099,gold_ref_EXACT_correlation_p_value_for_WordCount,3.570016305648292e-99, gold_ref_abs_tgt_EXACT_success_rate_for_WordCount_equal_or_lessthan,99.4,gold_ref_abs_tgt_FUZZY_success_rate_for_WordCount_equal_or_lessthan,100.0, gold_ref_RatioSuccess_rate_for_WordCount_exact_match,92.2,gold_ref_RatioMSE_for_WordCount,0.0005814000000000001,gold_ref_RatioRMSE_for_WordCount,0.02409328580365753,gold_ref_RatioCorrelation_for_WordCount,0.99749723276305,gold_ref_RatioCorrelation_p_value_for_WordCount,2.233835086882422e-113, gold_ref_RatioSuccess_rate_for_WordCount_equal_or_lessthan,99.8, experiment_path, experiments/x_ablation_study/llama_3_70b_instruct_sglang/WordCount/free_style/free_style-gold-filtered_wiki.valid_v1.1.src-100_llama_3_70b_instruct_sglang_examples_0_temp_0_chain_False_seed_473829/maxdepdepth_-1_maxdeplength_-1_diffwordscount_-1_avgwordcount_-1_length_-1_leven_-1_grade_-1,experiments/x_ablation_study/llama_3_70b_instruct_sglang/WordCount/free_style/free_style-gold-filtered_wiki.valid_v1.1.src-100_llama_3_70b_instruct_sglang_examples_0_temp_0_chain_False_seed_473829/success_rate.csv; experiments/x_ablation_study/llama_3_70b_instruct_sglang/WordCount/free_style/free_style-gold-filtered_wiki.valid_v1.1.src-100_llama_3_70b_instruct_sglang_examples_0_temp_0_chain_False_seed_921405/success_rate.csv; experiments/x_ablation_study/llama_3_70b_instruct_sglang/WordCount/free_style/free_style-gold-filtered_wiki.valid_v1.1.src-100_llama_3_70b_instruct_sglang_examples_0_temp_0_chain_False_seed_184623/success_rate.csv; experiments/x_ablation_study/llama_3_70b_instruct_sglang/WordCount/free_style/free_style-gold-filtered_wiki.valid_v1.1.src-100_llama_3_70b_instruct_sglang_examples_0_temp_0_chain_False_seed_756301/success_rate.csv; experiments/x_ablation_study/llama_3_70b_instruct_sglang/WordCount/free_style/free_style-gold-filtered_wiki.valid_v1.1.src-100_llama_3_70b_instruct_sglang_examples_0_temp_0_chain_False_seed_368914/success_rate.csv
WordCount,no_sys_prompt/no_sys_prompt-gold-filtered_wiki.valid_v1.1.src-100_llama_3_70b_instruct_sglang_examples_0_temp_0_chain_False,gold_ref_abs_tgt_EXACT_success_rate_for_WordCount_exact_match,62.6,gold_ref_abs_tgt_FUZZY_success_rate_for_WordCount_exact_match,86.4,gold_ref_EXACT_mse_for_WordCount,5.1579999999999995,gold_ref_FUZZY_mse_for_WordCount,3.816,gold_ref_EXACT_rmse_for_WordCount,2.271033747979731,gold_ref_FUZZY_rmse_for_WordCount,1.9533844611923263,gold_ref_EXACT_correlation_for_WordCount,0.9401112247195715,gold_ref_EXACT_correlation_p_value_for_WordCount,1.7685024023804346e-47, gold_ref_abs_tgt_EXACT_success_rate_for_WordCount_equal_or_lessthan,86.8,gold_ref_abs_tgt_FUZZY_success_rate_for_WordCount_equal_or_lessthan,94.0, gold_ref_RatioSuccess_rate_for_WordCount_exact_match,72.4,gold_ref_RatioMSE_for_WordCount,0.0079084,gold_ref_RatioRMSE_for_WordCount,0.08892743989398713,gold_ref_RatioCorrelation_for_WordCount,0.9653845480201116,gold_ref_RatioCorrelation_p_value_for_WordCount,6.958680783280827e-59, gold_ref_RatioSuccess_rate_for_WordCount_equal_or_lessthan,90.0, experiment_path, experiments/x_ablation_study/llama_3_70b_instruct_sglang/WordCount/no_sys_prompt/no_sys_prompt-gold-filtered_wiki.valid_v1.1.src-100_llama_3_70b_instruct_sglang_examples_0_temp_0_chain_False_seed_473829/maxdepdepth_-1_maxdeplength_-1_diffwordscount_-1_avgwordcount_-1_length_-1_leven_-1_grade_-1,experiments/x_ablation_study/llama_3_70b_instruct_sglang/WordCount/no_sys_prompt/no_sys_prompt-gold-filtered_wiki.valid_v1.1.src-100_llama_3_70b_instruct_sglang_examples_0_temp_0_chain_False_seed_473829/success_rate.csv; experiments/x_ablation_study/llama_3_70b_instruct_sglang/WordCount/no_sys_prompt/no_sys_prompt-gold-filtered_wiki.valid_v1.1.src-100_llama_3_70b_instruct_sglang_examples_0_temp_0_chain_False_seed_921405/success_rate.csv; experiments/x_ablation_study/llama_3_70b_instruct_sglang/WordCount/no_sys_prompt/no_sys_prompt-gold-filtered_wiki.valid_v1.1.src-100_llama_3_70b_instruct_sglang_examples_0_temp_0_chain_False_seed_184623/success_rate.csv; experiments/x_ablation_study/llama_3_70b_instruct_sglang/WordCount/no_sys_prompt/no_sys_prompt-gold-filtered_wiki.valid_v1.1.src-100_llama_3_70b_instruct_sglang_examples_0_temp_0_chain_False_seed_756301/success_rate.csv; experiments/x_ablation_study/llama_3_70b_instruct_sglang/WordCount/no_sys_prompt/no_sys_prompt-gold-filtered_wiki.valid_v1.1.src-100_llama_3_70b_instruct_sglang_examples_0_temp_0_chain_False_seed_368914/success_rate.csv
WordCount,level-2.1_prompt/level-2.1_prompt-gold-filtered_wiki.valid_v1.1.src-100_llama_3_70b_instruct_sglang_examples_0_temp_0_chain_False,gold_ref_abs_tgt_EXACT_success_rate_for_WordCount_exact_match,55.8,gold_ref_abs_tgt_FUZZY_success_rate_for_WordCount_exact_match,82.4,gold_ref_EXACT_mse_for_WordCount,10.238,gold_ref_FUZZY_mse_for_WordCount,8.172,gold_ref_EXACT_rmse_for_WordCount,3.1996623761178618,gold_ref_FUZZY_rmse_for_WordCount,2.8586454973555178,gold_ref_EXACT_correlation_for_WordCount,0.8706182204052461,gold_ref_EXACT_correlation_p_value_for_WordCount,6.466362873405467e-32, gold_ref_abs_tgt_EXACT_success_rate_for_WordCount_equal_or_lessthan,83.2,gold_ref_abs_tgt_FUZZY_success_rate_for_WordCount_equal_or_lessthan,93.0, gold_ref_RatioSuccess_rate_for_WordCount_exact_match,67.6,gold_ref_RatioMSE_for_WordCount,0.017359,gold_ref_RatioRMSE_for_WordCount,0.13175302349226675,gold_ref_RatioCorrelation_for_WordCount,0.9171283510422958,gold_ref_RatioCorrelation_p_value_for_WordCount,6.558378637714909e-41, gold_ref_RatioSuccess_rate_for_WordCount_equal_or_lessthan,88.8, experiment_path, experiments/x_ablation_study/llama_3_70b_instruct_sglang/WordCount/level-2.1_prompt/level-2.1_prompt-gold-filtered_wiki.valid_v1.1.src-100_llama_3_70b_instruct_sglang_examples_0_temp_0_chain_False_seed_473829/maxdepdepth_-1_maxdeplength_-1_diffwordscount_-1_avgwordcount_-1_length_-1_leven_-1_grade_-1,experiments/x_ablation_study/llama_3_70b_instruct_sglang/WordCount/level-2.1_prompt/level-2.1_prompt-gold-filtered_wiki.valid_v1.1.src-100_llama_3_70b_instruct_sglang_examples_0_temp_0_chain_False_seed_473829/success_rate.csv; experiments/x_ablation_study/llama_3_70b_instruct_sglang/WordCount/level-2.1_prompt/level-2.1_prompt-gold-filtered_wiki.valid_v1.1.src-100_llama_3_70b_instruct_sglang_examples_0_temp_0_chain_False_seed_921405/success_rate.csv; experiments/x_ablation_study/llama_3_70b_instruct_sglang/WordCount/level-2.1_prompt/level-2.1_prompt-gold-filtered_wiki.valid_v1.1.src-100_llama_3_70b_instruct_sglang_examples_0_temp_0_chain_False_seed_184623/success_rate.csv; experiments/x_ablation_study/llama_3_70b_instruct_sglang/WordCount/level-2.1_prompt/level-2.1_prompt-gold-filtered_wiki.valid_v1.1.src-100_llama_3_70b_instruct_sglang_examples_0_temp_0_chain_False_seed_756301/success_rate.csv; experiments/x_ablation_study/llama_3_70b_instruct_sglang/WordCount/level-2.1_prompt/level-2.1_prompt-gold-filtered_wiki.valid_v1.1.src-100_llama_3_70b_instruct_sglang_examples_0_temp_0_chain_False_seed_368914/success_rate.csv
WordCount,level-3_prompt/level-3_prompt-gold-filtered_wiki.valid_v1.1.src-100_llama_3_70b_instruct_sglang_examples_0_temp_0_chain_False,gold_ref_abs_tgt_EXACT_success_rate_for_WordCount_exact_match,43.4,gold_ref_abs_tgt_FUZZY_success_rate_for_WordCount_exact_match,75.0,gold_ref_EXACT_mse_for_WordCount,21.698,gold_ref_FUZZY_mse_for_WordCount,18.348000000000003,gold_ref_EXACT_rmse_for_WordCount,4.657814515140746,gold_ref_FUZZY_rmse_for_WordCount,4.283168053852542,gold_ref_EXACT_correlation_for_WordCount,0.6962520542023335,gold_ref_EXACT_correlation_p_value_for_WordCount,1.6924896102756224e-15, gold_ref_abs_tgt_EXACT_success_rate_for_WordCount_equal_or_lessthan,78.4,gold_ref_abs_tgt_FUZZY_success_rate_for_WordCount_equal_or_lessthan,90.8, gold_ref_RatioSuccess_rate_for_WordCount_exact_match,60.0,gold_ref_RatioMSE_for_WordCount,0.035639199999999996,gold_ref_RatioRMSE_for_WordCount,0.18873635255755422,gold_ref_RatioCorrelation_for_WordCount,0.8278825070542342,gold_ref_RatioCorrelation_p_value_for_WordCount,1.0143875020659851e-25, gold_ref_RatioSuccess_rate_for_WordCount_equal_or_lessthan,82.0, experiment_path, experiments/x_ablation_study/llama_3_70b_instruct_sglang/WordCount/level-3_prompt/level-3_prompt-gold-filtered_wiki.valid_v1.1.src-100_llama_3_70b_instruct_sglang_examples_0_temp_0_chain_False_seed_473829/maxdepdepth_-1_maxdeplength_-1_diffwordscount_-1_avgwordcount_-1_length_-1_leven_-1_grade_-1,experiments/x_ablation_study/llama_3_70b_instruct_sglang/WordCount/level-3_prompt/level-3_prompt-gold-filtered_wiki.valid_v1.1.src-100_llama_3_70b_instruct_sglang_examples_0_temp_0_chain_False_seed_473829/success_rate.csv; experiments/x_ablation_study/llama_3_70b_instruct_sglang/WordCount/level-3_prompt/level-3_prompt-gold-filtered_wiki.valid_v1.1.src-100_llama_3_70b_instruct_sglang_examples_0_temp_0_chain_False_seed_921405/success_rate.csv; experiments/x_ablation_study/llama_3_70b_instruct_sglang/WordCount/level-3_prompt/level-3_prompt-gold-filtered_wiki.valid_v1.1.src-100_llama_3_70b_instruct_sglang_examples_0_temp_0_chain_False_seed_184623/success_rate.csv; experiments/x_ablation_study/llama_3_70b_instruct_sglang/WordCount/level-3_prompt/level-3_prompt-gold-filtered_wiki.valid_v1.1.src-100_llama_3_70b_instruct_sglang_examples_0_temp_0_chain_False_seed_756301/success_rate.csv; experiments/x_ablation_study/llama_3_70b_instruct_sglang/WordCount/level-3_prompt/level-3_prompt-gold-filtered_wiki.valid_v1.1.src-100_llama_3_70b_instruct_sglang_examples_0_temp_0_chain_False_seed_368914/success_rate.csv
WordCount,level-3_prompt/level-3_prompt-gold-filtered_wiki.valid_v1.1.src-100_llama_3_70b_instruct_sglang_examples_5_temp_0_chain_False,gold_ref_abs_tgt_EXACT_success_rate_for_WordCount_exact_match,40.2,gold_ref_abs_tgt_FUZZY_success_rate_for_WordCount_exact_match,68.6,gold_ref_EXACT_mse_for_WordCount,9.666,gold_ref_FUZZY_mse_for_WordCount,6.956,gold_ref_EXACT_rmse_for_WordCount,3.108407838150146,gold_ref_FUZZY_rmse_for_WordCount,2.636728988820309,gold_ref_EXACT_correlation_for_WordCount,0.8822576874652329,gold_ref_EXACT_correlation_p_value_for_WordCount,5.251429272785426e-33, gold_ref_abs_tgt_EXACT_success_rate_for_WordCount_equal_or_lessthan,90.4,gold_ref_abs_tgt_FUZZY_success_rate_for_WordCount_equal_or_lessthan,95.0, gold_ref_RatioSuccess_rate_for_WordCount_exact_match,56.8,gold_ref_RatioMSE_for_WordCount,0.019302400000000004,gold_ref_RatioRMSE_for_WordCount,0.13892913737672144,gold_ref_RatioCorrelation_for_WordCount,0.9129598894483042,gold_ref_RatioCorrelation_p_value_for_WordCount,7.216839965420386e-40, gold_ref_RatioSuccess_rate_for_WordCount_equal_or_lessthan,93.0, experiment_path, experiments/x_ablation_study/llama_3_70b_instruct_sglang/WordCount/level-3_prompt/level-3_prompt-gold-filtered_wiki.valid_v1.1.src-100_llama_3_70b_instruct_sglang_examples_5_temp_0_chain_False_seed_473829/maxdepdepth_-1_maxdeplength_-1_diffwordscount_-1_avgwordcount_-1_length_-1_leven_-1_grade_-1,experiments/x_ablation_study/llama_3_70b_instruct_sglang/WordCount/level-3_prompt/level-3_prompt-gold-filtered_wiki.valid_v1.1.src-100_llama_3_70b_instruct_sglang_examples_5_temp_0_chain_False_seed_473829/success_rate.csv; experiments/x_ablation_study/llama_3_70b_instruct_sglang/WordCount/level-3_prompt/level-3_prompt-gold-filtered_wiki.valid_v1.1.src-100_llama_3_70b_instruct_sglang_examples_5_temp_0_chain_False_seed_921405/success_rate.csv; experiments/x_ablation_study/llama_3_70b_instruct_sglang/WordCount/level-3_prompt/level-3_prompt-gold-filtered_wiki.valid_v1.1.src-100_llama_3_70b_instruct_sglang_examples_5_temp_0_chain_False_seed_184623/success_rate.csv; experiments/x_ablation_study/llama_3_70b_instruct_sglang/WordCount/level-3_prompt/level-3_prompt-gold-filtered_wiki.valid_v1.1.src-100_llama_3_70b_instruct_sglang_examples_5_temp_0_chain_False_seed_756301/success_rate.csv; experiments/x_ablation_study/llama_3_70b_instruct_sglang/WordCount/level-3_prompt/level-3_prompt-gold-filtered_wiki.valid_v1.1.src-100_llama_3_70b_instruct_sglang_examples_5_temp_0_chain_False_seed_368914/success_rate.csv
WordCount,level-4_prompt/level-4_prompt-gold-filtered_wiki.valid_v1.1.src-100_llama_3_70b_instruct_sglang_examples_0_temp_0_chain_False,gold_ref_abs_tgt_EXACT_success_rate_for_WordCount_exact_match,54.0,gold_ref_abs_tgt_FUZZY_success_rate_for_WordCount_exact_match,79.4,gold_ref_EXACT_mse_for_WordCount,6.166,gold_ref_FUZZY_mse_for_WordCount,4.3740000000000006,gold_ref_EXACT_rmse_for_WordCount,2.455253286110186,gold_ref_FUZZY_rmse_for_WordCount,2.053210056655971,gold_ref_EXACT_correlation_for_WordCount,0.927500847099681,gold_ref_EXACT_correlation_p_value_for_WordCount,7.821934966692546e-36, gold_ref_abs_tgt_EXACT_success_rate_for_WordCount_equal_or_lessthan,89.6,gold_ref_abs_tgt_FUZZY_success_rate_for_WordCount_equal_or_lessthan,96.2, gold_ref_RatioSuccess_rate_for_WordCount_exact_match,64.8,gold_ref_RatioMSE_for_WordCount,0.013613000000000004,gold_ref_RatioRMSE_for_WordCount,0.11461026951916216,gold_ref_RatioCorrelation_for_WordCount,0.9495301759638919,gold_ref_RatioCorrelation_p_value_for_WordCount,3.0349181414235854e-43, gold_ref_RatioSuccess_rate_for_WordCount_equal_or_lessthan,90.6, experiment_path, experiments/x_ablation_study/llama_3_70b_instruct_sglang/WordCount/level-4_prompt/level-4_prompt-gold-filtered_wiki.valid_v1.1.src-100_llama_3_70b_instruct_sglang_examples_0_temp_0_chain_False_seed_473829/maxdepdepth_-1_maxdeplength_-1_diffwordscount_-1_avgwordcount_-1_length_-1_leven_-1_grade_-1,experiments/x_ablation_study/llama_3_70b_instruct_sglang/WordCount/level-4_prompt/level-4_prompt-gold-filtered_wiki.valid_v1.1.src-100_llama_3_70b_instruct_sglang_examples_0_temp_0_chain_False_seed_473829/success_rate.csv; experiments/x_ablation_study/llama_3_70b_instruct_sglang/WordCount/level-4_prompt/level-4_prompt-gold-filtered_wiki.valid_v1.1.src-100_llama_3_70b_instruct_sglang_examples_0_temp_0_chain_False_seed_921405/success_rate.csv; experiments/x_ablation_study/llama_3_70b_instruct_sglang/WordCount/level-4_prompt/level-4_prompt-gold-filtered_wiki.valid_v1.1.src-100_llama_3_70b_instruct_sglang_examples_0_temp_0_chain_False_seed_184623/success_rate.csv; experiments/x_ablation_study/llama_3_70b_instruct_sglang/WordCount/level-4_prompt/level-4_prompt-gold-filtered_wiki.valid_v1.1.src-100_llama_3_70b_instruct_sglang_examples_0_temp_0_chain_False_seed_756301/success_rate.csv; experiments/x_ablation_study/llama_3_70b_instruct_sglang/WordCount/level-4_prompt/level-4_prompt-gold-filtered_wiki.valid_v1.1.src-100_llama_3_70b_instruct_sglang_examples_0_temp_0_chain_False_seed_368914/success_rate.csv
WordCount,level-4_prompt_fs/level-4_prompt-gold-filtered_wiki.valid_v1.1.src-100_llama_3_70b_instruct_sglang_examples_5_temp_0_chain_False,gold_ref_abs_tgt_EXACT_success_rate_for_WordCount_exact_match,44.0,gold_ref_abs_tgt_FUZZY_success_rate_for_WordCount_exact_match,67.8,gold_ref_EXACT_mse_for_WordCount,7.078,gold_ref_FUZZY_mse_for_WordCount,4.6659999999999995,gold_ref_EXACT_rmse_for_WordCount,2.6513853085625856,gold_ref_FUZZY_rmse_for_WordCount,2.1464769124616585,gold_ref_EXACT_correlation_for_WordCount,0.9199128522974356,gold_ref_EXACT_correlation_p_value_for_WordCount,1.4994386908851925e-37, gold_ref_abs_tgt_EXACT_success_rate_for_WordCount_equal_or_lessthan,79.8,gold_ref_abs_tgt_FUZZY_success_rate_for_WordCount_equal_or_lessthan,92.4, gold_ref_RatioSuccess_rate_for_WordCount_exact_match,52.8,gold_ref_RatioMSE_for_WordCount,0.0141696,gold_ref_RatioRMSE_for_WordCount,0.1181067643439363,gold_ref_RatioCorrelation_for_WordCount,0.9492589729623786,gold_ref_RatioCorrelation_p_value_for_WordCount,1.7513172406915797e-44, gold_ref_RatioSuccess_rate_for_WordCount_equal_or_lessthan,82.2, experiment_path, experiments/x_ablation_study/llama_3_70b_instruct_sglang/WordCount/level-4_prompt_fs/level-4_prompt-gold-filtered_wiki.valid_v1.1.src-100_llama_3_70b_instruct_sglang_examples_5_temp_0_chain_False_seed_473829/maxdepdepth_-1_maxdeplength_-1_diffwordscount_-1_avgwordcount_-1_length_-1_leven_-1_grade_-1,experiments/x_ablation_study/llama_3_70b_instruct_sglang/WordCount/level-4_prompt_fs/level-4_prompt-gold-filtered_wiki.valid_v1.1.src-100_llama_3_70b_instruct_sglang_examples_5_temp_0_chain_False_seed_473829/success_rate.csv; experiments/x_ablation_study/llama_3_70b_instruct_sglang/WordCount/level-4_prompt_fs/level-4_prompt-gold-filtered_wiki.valid_v1.1.src-100_llama_3_70b_instruct_sglang_examples_5_temp_0_chain_False_seed_921405/success_rate.csv; experiments/x_ablation_study/llama_3_70b_instruct_sglang/WordCount/level-4_prompt_fs/level-4_prompt-gold-filtered_wiki.valid_v1.1.src-100_llama_3_70b_instruct_sglang_examples_5_temp_0_chain_False_seed_184623/success_rate.csv; experiments/x_ablation_study/llama_3_70b_instruct_sglang/WordCount/level-4_prompt_fs/level-4_prompt-gold-filtered_wiki.valid_v1.1.src-100_llama_3_70b_instruct_sglang_examples_5_temp_0_chain_False_seed_756301/success_rate.csv; experiments/x_ablation_study/llama_3_70b_instruct_sglang/WordCount/level-4_prompt_fs/level-4_prompt-gold-filtered_wiki.valid_v1.1.src-100_llama_3_70b_instruct_sglang_examples_5_temp_0_chain_False_seed_368914/success_rate.csv
WordCount,level-4_feedbackloop_prompt-gold-filtered_wiki.valid_v1.1.src-100_llama_3_70b_instruct_sglang_examples_5_temp_0_chain_True,gold_ref_abs_tgt_EXACT_success_rate_for_WordCount_exact_match,100.0,gold_ref_abs_tgt_FUZZY_success_rate_for_WordCount_exact_match,100.0,gold_ref_EXACT_mse_for_WordCount,0.0,gold_ref_FUZZY_mse_for_WordCount,0.0,gold_ref_EXACT_rmse_for_WordCount,0.0,gold_ref_FUZZY_rmse_for_WordCount,0.0,gold_ref_EXACT_correlation_for_WordCount,0.9999999999999998,gold_ref_EXACT_correlation_p_value_for_WordCount,0.0, gold_ref_abs_tgt_EXACT_success_rate_for_WordCount_equal_or_lessthan,100.0,gold_ref_abs_tgt_FUZZY_success_rate_for_WordCount_equal_or_lessthan,100.0, gold_ref_RatioSuccess_rate_for_WordCount_exact_match,100.0,gold_ref_RatioMSE_for_WordCount,4.340000000000006e-05,gold_ref_RatioRMSE_for_WordCount,0.006584592558726293,gold_ref_RatioCorrelation_for_WordCount,0.9997997629034918,gold_ref_RatioCorrelation_p_value_for_WordCount,2.0798222554316023e-166, gold_ref_RatioSuccess_rate_for_WordCount_equal_or_lessthan,100.0, experiment_path, experiments/x_ablation_study/llama_3_70b_instruct_sglang/WordCount/level-4_feedbackloop_prompt-gold-filtered_wiki.valid_v1.1.src-100_llama_3_70b_instruct_sglang_examples_5_temp_0_chain_True_seed_473829/maxdepdepth_-1_maxdeplength_-1_diffwordscount_-1_avgwordcount_-1_length_-1_leven_-1_grade_-1,experiments/x_ablation_study/llama_3_70b_instruct_sglang/WordCount/level-4_feedbackloop_prompt-gold-filtered_wiki.valid_v1.1.src-100_llama_3_70b_instruct_sglang_examples_5_temp_0_chain_True_seed_473829/success_rate.csv; experiments/x_ablation_study/llama_3_70b_instruct_sglang/WordCount/level-4_feedbackloop_prompt-gold-filtered_wiki.valid_v1.1.src-100_llama_3_70b_instruct_sglang_examples_5_temp_0_chain_True_seed_921405/success_rate.csv; experiments/x_ablation_study/llama_3_70b_instruct_sglang/WordCount/level-4_feedbackloop_prompt-gold-filtered_wiki.valid_v1.1.src-100_llama_3_70b_instruct_sglang_examples_5_temp_0_chain_True_seed_184623/success_rate.csv; experiments/x_ablation_study/llama_3_70b_instruct_sglang/WordCount/level-4_feedbackloop_prompt-gold-filtered_wiki.valid_v1.1.src-100_llama_3_70b_instruct_sglang_examples_5_temp_0_chain_True_seed_756301/success_rate.csv; experiments/x_ablation_study/llama_3_70b_instruct_sglang/WordCount/level-4_feedbackloop_prompt-gold-filtered_wiki.valid_v1.1.src-100_llama_3_70b_instruct_sglang_examples_5_temp_0_chain_True_seed_368914/success_rate.csv
